Customer_Firstname,Customer_Lastname,Cust_Name,Gender_Code,Address1,City,State,Country_Code,Postal_Code,Postal_Code_Plus4,Address2,Email_Address,Phone_Number,Creditcard_Type,Locality,Salesman_Id,Nationality,National_Id,Creditcard_Number,Driver_License,Cust_Id,Order_Id,Order_Date,Order_Time,Freight_Charges,Order_Salesman,Order_Posted_Date,Order_Ship_Date,Age,Order_Value,Order Size (IF),Order Size (IFS),T_Type,Purchase_Touchpoint,Complete?,Purchase_Status,Order_Type,Generation,Baby Food,Diapers,Formula,Lotion,Baby Wash,Wipes,Fresh Fruits,Fresh Vegetables,Beer,Wine,Club Soda,Sports Drink,Chips,Popcorn,Oatmeal,Medicines,Canned Foods,Cigarettes,Cheese,Cleaning Products,Condiments,Frozen Foods,Kitchen Items,Meat,Office Supplies,Personal Care,Pet Supplies,Sea Food,Spices
Allen ,Perl ,Allen Perl ,Mr.,4707 Hillcrest Lane,Abeto,PG,IT,6040,0,,Allen.M.Perl@spambob.com,0370 4762239,Master Card,,RP385 ,U.S.,22867928,5.17976E+15,,10003,1106,00:00:00,00:29:06.200000,29.79,NC298 ,00:00:00,2016-07-27 00:00:00,27,134.24,Medium,Medium,complete,Phone,No,Frequent,MediumValue,GEN_Y,0,0,1,1,0,0,0,0,0,0,0,0,0,0,1,0,0,0,0,0,1,0,0,0,0,0,0,0,0
Allen ,Perl ,Allen Perl ,Mr.,4707 Hillcrest Lane,Abeto,PG,IT,6040,0,,Allen.M.Perl@spambob.com,0370 4762239,Master Card,,RP385 ,U.S.,22867928,5.1518E+15,,10003,2948,00:00:00,00:13:54.600000,17.87,SW277 ,00:00:00,2016-03-27 00:00:00,27,53.4,Small,Small,abandoned,Phone,No,Frequent,MediumValue,GEN_Y,0,0,1,0,1,0,0,1,0,0,0,0,0,0,0,0,0,0,0,1,0,0,0,0,0,0,0,0,0
Allen ,Perl ,Allen Perl ,Mr.,4707 Hillcrest Lane,Abeto,PG,IT,6040,0,,Allen.M.Perl@spambob.com,0370 4762239,Master Card,,RP385 ,U.S.,22867928,5.17217E+15,,10003,3323,00:00:00,00:39:06.200000,31.88,NC160 ,00:00:00,2016-09-27 00:00:00,27,26.25,Small,Small,complete,Desktop,No,Frequent,LowValue,GEN_Y,0,1,0,0,0,0,0,0,1,0,0,0,0,1,0,0,0,0,0,0,0,0,0,0,0,0,0,0,0
Allen ,Perl ,Allen Perl ,Mr.,4707 Hillcrest Lane,Abeto,PG,IT,6040,0,,Allen.M.Perl@spambob.com,0370 4762239,Master Card,,RP385 ,U.S.,22867928,5.15925E+15,,10003,7498,00:00:00,00:19:56.100000,18.45,SW409 ,00:00:00,2016-03-01 00:00:00,27,5.65,Small,Small,complete,Phone,No,Frequent,LowValue,GEN_Y,0,0,0,1,0,0,0,0,0,0,0,0,0,1,0,0,0,0,0,0,0,0,0,0,0,0,0,0,0
Allen ,Perl ,Allen Perl ,Mr.,4707 Hillcrest Lane,Abeto,PG,IT,6040,0,,Allen.M.Perl@spambob.com,0370 4762239,Master Card,,RP385 ,U.S.,22867928,5.13943E+15,,10003,7973,00:00:00,00:07:36.400000,23.12,WE352 ,00:00:00,2016-01-04 00:00:00,27,44.43,Small,Small,complete,Phone,No,Frequent,LowValue,GEN_Y,0,0,0,0,0,0,0,0,0,0,1,0,0,0,0,0,0,0,0,0,0,0,0,0,0,0,0,0,0
Allen ,Perl ,Allen Perl ,Mr.,4707 Hillcrest Lane,Abeto,PG,IT,6040,0,,Allen.M.Perl@spambob.com,0370 4762239,Master Card,,RP385 ,U.S.,22867928,5.12184E+15,,10003,9107,00:00:00,00:07:36.400000,22.77,NW379 ,00:00:00,2016-01-03 00:00:00,27,24.18,Small,Small,complete,Phone,No,Frequent,LowValue,GEN_Y,0,0,0,0,0,0,0,0,0,0,0,0,0,0,0,0,0,0,0,1,0,0,0,0,0,0,0,0,0
Anthony ,Whitney ,Anthony Whitney ,Mr.,518 Highland View Drive,Achstetten,,DE,88480,0,,Anthony.H.Whitney@pookmail.com,03571 39 94 30,VISA,,WE349 ,IT,NXFXLA90D69D741G,4.46993E+15,,10007,7441,00:00:00,00:39:06.200000,11.05,SC130 ,00:00:00,2016-02-27 00:00:00,,65.8,Small,Small,complete,Desktop,No,FirstTime,HighValue,GEN_Z,0,0,0,0,0,0,0,0,0,1,0,0,0,0,0,1,0,1,0,0,0,1,0,0,0,0,0,1,0
Thomas ,Owens ,Thomas Owens ,Mr.,4030 Jessie Street,Adami,CZ,IT,88041,0,,Thomas.N.Owens@mailinator.com,0341 5536286,VISA,,WE352 ,FR,1.48E+14,4.66281E+15,,10015,627,00:47:25,00:47:25.400000,6.37,NC163 ,00:47:25,2016-05-08 00:00:00,60,40.34,Small,Small,complete,Phone,No,Occasional,LowValue,BABY_BOOMERS,0,0,0,0,0,0,0,0,0,0,1,0,1,1,0,0,1,0,0,0,0,0,0,0,0,0,0,0,0
Thomas ,Owens ,Thomas Owens ,Mr.,4030 Jessie Street,Adami,CZ,IT,88041,0,,Thomas.N.Owens@mailinator.com,0341 5536286,VISA,,WE352 ,FR,1.48E+14,4.01665E+15,,10015,1209,00:00:00,00:43:54.600000,23.37,SW340 ,00:00:00,2016-02-27 00:00:00,60,18.81,Small,Small,cancelled,Phone,No,Occasional,LowValue,BABY_BOOMERS,0,0,0,0,0,0,1,0,0,0,0,0,0,0,0,0,0,0,0,0,0,0,0,0,0,0,0,0,0
Thomas ,Owens ,Thomas Owens ,Mr.,4030 Jessie Street,Adami,CZ,IT,88041,0,,Thomas.N.Owens@mailinator.com,0341 5536286,VISA,,WE352 ,FR,1.48E+14,4.56388E+15,,10015,1556,00:00:00,00:36:44.900000,19.81,NW310 ,00:00:00,2016-10-05 00:00:00,60,34.04,Small,Small,complete,Phone,No,Occasional,LowValue,BABY_BOOMERS,0,0,0,0,0,0,0,0,0,0,0,0,0,0,0,0,0,0,0,0,0,0,0,0,1,0,0,0,0
Thomas ,Owens ,Thomas Owens ,Mr.,4030 Jessie Street,Adami,CZ,IT,88041,0,,Thomas.N.Owens@mailinator.com,0341 5536286,VISA,,WE352 ,FR,1.48E+14,4.62102E+15,,10015,8633,00:00:00,00:17:24.600000,11.15,NC100 ,00:00:00,2016-08-20 00:00:00,60,49.94,Small,Small,cancelled,Phone,No,Occasional,LowValue,BABY_BOOMERS,0,0,0,0,0,0,0,0,0,0,1,0,1,1,0,0,1,0,0,0,1,0,0,0,0,0,0,0,0
Anthony ,Carr ,Anthony Carr ,Mr.,2866 Quilly Lane,Agallas,,ES,37511,0,,Anthony.T.Carr@trashymail.com,91-635-1987,Discover,,SE208 ,IT,EOOIAI58A45B091X,6.01148E+15,,10019,792,00:00:00,00:47:56.400000,9.22,SC259 ,00:00:00,2016-02-20 00:00:00,53,28.35,Small,Small,complete,Phone,No,Occasional,LowValue,BABY_BOOMERS,0,0,0,0,0,0,0,0,0,0,0,0,0,1,0,0,0,0,0,0,0,0,0,0,0,0,0,0,0
Anthony ,Carr ,Anthony Carr ,Mr.,2866 Quilly Lane,Agallas,,ES,37511,0,,Anthony.T.Carr@trashymail.com,91-635-1987,Discover,,SE208 ,IT,EOOIAI58A45B091X,6.01153E+15,,10019,1257,00:00:00,00:47:24.600000,13.33,SC193 ,00:00:00,2016-08-20 00:00:00,53,29.82,Small,Small,complete,Phone,No,Occasional,LowValue,BABY_BOOMERS,0,0,0,0,0,0,0,0,0,0,0,0,0,1,0,0,0,0,0,0,0,0,0,0,1,0,0,0,0
Anthony ,Carr ,Anthony Carr ,Mr.,2866 Quilly Lane,Agallas,,ES,37511,0,,Anthony.T.Carr@trashymail.com,91-635-1987,Discover,,SE208 ,IT,EOOIAI58A45B091X,6.01108E+15,,10019,2488,00:00:00,00:13:54.600000,2.87,SW277 ,00:00:00,2016-03-27 00:00:00,53,14.36,Small,Small,complete,Phone,No,Occasional,LowValue,BABY_BOOMERS,0,0,0,0,0,0,0,0,0,0,1,0,1,1,0,0,1,0,0,0,1,0,0,0,0,0,0,0,0
Anthony ,Carr ,Anthony Carr ,Mr.,2866 Quilly Lane,Agallas,,ES,37511,0,,Anthony.T.Carr@trashymail.com,91-635-1987,Discover,,SE208 ,IT,EOOIAI58A45B091X,6.01111E+15,,10019,2836,00:00:00,00:29:06.200000,6.05,NC298 ,00:00:00,2016-07-27 00:00:00,53,9.06,Small,Small,in-progress,Phone,No,Occasional,LowValue,BABY_BOOMERS,0,0,0,0,0,0,0,0,0,0,1,0,1,1,0,0,1,0,0,0,1,0,0,0,0,0,0,0,0
Anthony ,Carr ,Anthony Carr ,Mr.,2866 Quilly Lane,Agallas,,ES,37511,0,,Anthony.T.Carr@trashymail.com,91-635-1987,Discover,,SE208 ,IT,EOOIAI58A45B091X,6.01194E+15,,10019,5456,00:00:00,00:50:44.900000,23.37,RP253 ,00:00:00,2016-10-03 00:00:00,53,36.5,Small,Small,complete,Phone,No,Occasional,LowValue,BABY_BOOMERS,0,0,0,0,0,0,0,0,0,0,0,0,0,1,0,0,0,0,0,0,0,0,0,0,0,0,0,0,0
Melvin ,Schmitz ,Melvin Schmitz ,Mr.,20 Rocky Road,Aigues,,ES,3569,0,,Melvin.B.Schmitz@dodgeit.com,91-102-2813,VISA,,SW409 ,IT,UAENZJ93C71L915W,4.17278E+15,,10027,139,00:00:00,00:33:44.800000,24.08,NW184 ,00:00:00,2016-12-20 00:00:00,32,10.11,Small,Small,complete,Phone,No,Occasional,LowValue,GEN_Y,0,0,0,0,0,0,0,0,0,0,1,0,1,1,0,0,1,0,0,0,1,0,0,0,0,0,0,0,0
Melvin ,Schmitz ,Melvin Schmitz ,Mr.,20 Rocky Road,Aigues,,ES,3569,0,,Melvin.B.Schmitz@dodgeit.com,91-102-2813,VISA,,SW409 ,IT,UAENZJ93C71L915W,4.23592E+15,,10027,831,00:00:00,00:33:59.500000,7.02,SE265 ,00:00:00,2016-11-25 00:00:00,32,42.16,Small,Small,cancelled,Phone,No,Occasional,LowValue,GEN_Y,0,0,0,0,0,1,0,0,0,0,0,0,0,0,0,0,0,0,0,0,0,0,0,0,0,0,0,0,0
Melvin ,Schmitz ,Melvin Schmitz ,Mr.,20 Rocky Road,Aigues,,ES,3569,0,,Melvin.B.Schmitz@dodgeit.com,91-102-2813,VISA,,SW409 ,IT,UAENZJ93C71L915W,4.98819E+15,,10027,6961,00:00:00,00:29:06.200000,11.45,NC358 ,00:00:00,2016-07-23 00:00:00,32,48.35,Small,Small,abandoned,Phone,No,Occasional,LowValue,GEN_Y,0,0,0,0,0,0,0,0,0,0,1,0,1,0,0,0,1,0,0,0,0,0,0,0,0,0,0,0,0
Melvin ,Schmitz ,Melvin Schmitz ,Mr.,20 Rocky Road,Aigues,,ES,3569,0,,Melvin.B.Schmitz@dodgeit.com,91-102-2813,VISA,,SW409 ,IT,UAENZJ93C71L915W,4.64486E+15,,10027,8622,00:00:00,00:07:39.400000,9.51,SC256 ,00:00:00,2016-11-14 00:00:00,32,5.1,Small,Small,in-progress,Phone,No,Occasional,LowValue,GEN_Y,0,0,0,0,0,0,0,0,0,0,1,0,1,0,0,0,1,0,0,0,0,0,0,0,0,0,0,0,0
John ,Hoffman ,John Hoffman ,Mr.,1660 Lighthouse Drive,Akron,OH,US,44311,0,,John.D.Hoffman@trashymail.com,608-822-4333,American Express,,SW274 ,IT,RGQKFP86T41C178Z,3.77308E+14,,10031,1369,00:00:00,00:32:50.800000,21.97,NW247 ,00:00:00,2016-01-15 00:00:00,46,24.66,Small,Small,complete,Phone,No,Occasional,LowValue,GEN_X,0,0,0,0,0,0,0,0,0,0,1,0,1,1,0,0,1,0,0,0,1,0,0,0,0,0,0,0,0
Muriel ,Exley ,Muriel Exley ,Mrs.,2645 Kooter Lane,Alba Di Canazei,TN,IT,38030,0,,Muriel.J.Exley@trashymail.com,0326 8920950,Discover,,SW412 ,FR,2.67E+14,6.012E+15,,10035,5328,00:00:00,00:32:45.200000,33.85,NE304 ,00:00:00,2016-07-15 00:00:00,46,49.16,Small,Small,complete,Phone,No,Occasional,LowValue,GEN_X,0,0,0,0,0,0,0,0,0,0,0,1,0,0,0,0,0,0,0,0,0,0,0,0,0,0,0,0,0
James ,Moyle ,James Moyle ,Mr.,288 Vineyard Drive,Albany,NY,US,12204,0,,James.O.Moyle@pookmail.com,614-241-8539,Master Card,,NW247 ,IT,MQRAXX73T01A895J,5.1552E+15,,10039,421,00:00:00,00:33:44.800000,22.77,NE367 ,00:00:00,2016-12-20 00:00:00,72,224.71,Medium,Medium,complete,Desktop,No,Frequent,HighValue,BABY_BOOMERS,0,0,0,0,0,0,0,0,0,1,0,0,0,0,0,0,1,1,1,0,1,1,0,0,0,0,0,1,0
James ,Moyle ,James Moyle ,Mr.,288 Vineyard Drive,Albany,NY,US,12204,0,,James.O.Moyle@pookmail.com,614-241-8539,Master Card,,NW247 ,IT,MQRAXX73T01A895J,5.17976E+15,,10039,5317,00:00:00,00:34:16.600000,5.85,NW115 ,00:00:00,2016-12-19 00:00:00,72,235.6,Medium,Medium,complete,Desktop,No,Frequent,HighValue,BABY_BOOMERS,0,0,0,0,0,0,0,0,0,1,0,0,0,0,0,1,0,1,0,0,0,0,0,0,0,1,0,0,0
James ,Moyle ,James Moyle ,Mr.,288 Vineyard Drive,Albany,NY,US,12204,0,,James.O.Moyle@pookmail.com,614-241-8539,Master Card,,NW247 ,IT,MQRAXX73T01A895J,5.12895E+15,,10039,5855,00:00:00,00:33:44.900000,17.2,NW112 ,00:00:00,2016-05-30 00:00:00,72,164.54,Medium,Medium,complete,Desktop,No,Frequent,HighValue,BABY_BOOMERS,0,0,0,0,0,0,0,0,0,1,0,0,0,0,0,0,0,1,1,1,1,1,0,0,0,0,0,0,0
Calvin ,Shupe ,Calvin Shupe ,Mr.,3335 Willow Oaks Lane,Albosaggia,SO,IT,23100,0,,Calvin.M.Shupe@spambob.com,0331 4473271,VISA,,NE373 ,IT,RHFGBS20R46E848A,4.30857E+15,,10047,529,00:00:00,00:47:39.400000,9,SC388 ,00:00:00,2016-06-15 00:00:00,49,45.66,Small,Small,complete,Phone,No,Occasional,LowValue,GEN_X,0,0,0,0,0,0,0,0,0,0,1,0,0,1,0,0,0,0,0,0,0,0,0,0,0,0,0,0,0
Alfonso ,Frazier ,Alfonso Frazier ,Mr.,3783 Freed Drive,Albuquerque,NM,US,87109,0,,Alfonso.K.Frazier@pookmail.com,973-546-4321,American Express,,WE418 ,FR,1.76E+14,3.40583E+14,,10051,1352,00:00:00,00:27:55.600000,13.33,SE271 ,00:00:00,2016-10-09 00:00:00,47,18.99,Small,Small,complete,Phone,No,Occasional,LowValue,GEN_X,0,0,0,0,0,0,0,0,0,0,1,0,1,1,0,0,1,0,0,0,1,0,0,0,0,0,0,0,0
Alfonso ,Frazier ,Alfonso Frazier ,Mr.,3783 Freed Drive,Albuquerque,NM,US,87109,0,,Alfonso.K.Frazier@pookmail.com,973-546-4321,American Express,,WE418 ,FR,1.76E+14,3.78254E+14,,10051,3079,00:00:00,00:19:46.200000,7.85,NW250 ,00:00:00,2016-03-12 00:00:00,47,43.14,Small,Small,complete,Phone,No,Occasional,LowValue,GEN_X,0,0,0,0,0,0,0,0,0,0,1,0,1,1,0,0,1,0,0,0,0,0,0,0,0,0,0,0,0
Alfonso ,Frazier ,Alfonso Frazier ,Mr.,3783 Freed Drive,Albuquerque,NM,US,87109,0,,Alfonso.K.Frazier@pookmail.com,973-546-4321,American Express,,WE418 ,FR,1.76E+14,3.40232E+14,,10051,5296,00:00:00,00:44:16.600000,48.52,NE178 ,00:00:00,2016-12-20 00:00:00,47,27.45,Small,Small,complete,Phone,No,Occasional,LowValue,GEN_X,0,0,0,0,0,0,0,0,0,0,1,0,1,1,0,0,1,0,0,0,1,0,0,0,0,0,0,0,0
Alfonso ,Frazier ,Alfonso Frazier ,Mr.,3783 Freed Drive,Albuquerque,NM,US,87109,0,,Alfonso.K.Frazier@pookmail.com,973-546-4321,American Express,,WE418 ,FR,1.76E+14,3.45077E+14,,10051,5312,00:00:00,00:07:36.400000,17.6,NC424 ,00:00:00,2016-01-07 00:00:00,47,27.45,Small,Small,complete,Phone,No,Occasional,LowValue,GEN_X,0,0,0,0,0,0,0,0,0,0,1,0,1,1,0,0,1,0,0,0,0,0,0,0,0,0,0,0,0
Alfonso ,Frazier ,Alfonso Frazier ,Mr.,3783 Freed Drive,Albuquerque,NM,US,87109,0,,Alfonso.K.Frazier@pookmail.com,973-546-4321,American Express,,WE418 ,FR,1.76E+14,3.77264E+14,,10051,6481,00:00:00,00:32:45.100000,17.87,RP190 ,00:00:00,2016-06-15 00:00:00,47,28.6,Small,Small,cancelled,Phone,No,Occasional,LowValue,GEN_X,0,0,0,0,0,0,0,0,0,0,1,0,0,0,0,0,0,0,0,0,0,0,0,0,0,0,0,0,0
Alfonso ,Frazier ,Alfonso Frazier ,Mr.,3783 Freed Drive,Albuquerque,NM,US,87109,0,,Alfonso.K.Frazier@pookmail.com,973-546-4321,American Express,,WE418 ,FR,1.76E+14,3.7498E+14,,10051,6487,00:00:00,00:43:54.600000,17.87,NW181 ,00:00:00,2016-12-12 00:00:00,47,42.24,Small,Small,complete,Phone,No,Occasional,LowValue,GEN_X,0,1,0,0,0,0,0,0,0,0,0,0,0,0,0,0,0,0,0,0,0,0,0,0,0,0,0,0,0
Alfonso ,Frazier ,Alfonso Frazier ,Mr.,3783 Freed Drive,Albuquerque,NM,US,87109,0,,Alfonso.K.Frazier@pookmail.com,973-546-4321,American Express,,WE418 ,FR,1.76E+14,3.4323E+14,,10051,7945,00:00:00,00:47:52.600000,21.97,NE241 ,00:00:00,2016-04-25 00:00:00,47,8.04,Small,Small,in-progress,Phone,No,Occasional,LowValue,GEN_X,0,0,0,0,0,0,0,0,0,0,1,0,0,1,0,0,0,0,0,0,0,0,0,0,0,0,0,0,0
Reda ,Fullilove ,Reda Fullilove ,Mrs.,518 Crestview Terrace,Alcalali,,ES,3728,0,,Reda.J.Fullilove@dodgeit.com,91-102-2037,Diners Club,,SE205 ,IT,WHQPWH25A09H876D,3.605E+13,,10055,925,00:00:00,00:47:52.600000,19.25,WE157 ,00:00:00,2016-04-25 00:00:00,24,32.11,Small,Small,in-progress,Phone,No,FirstTime,LowValue,GEN_Y,0,0,0,0,0,0,0,0,0,0,1,0,1,1,0,0,1,0,0,0,0,0,0,0,0,0,0,0,0
Reda ,Fullilove ,Reda Fullilove ,Mrs.,518 Crestview Terrace,Alcalali,,ES,3728,0,,Reda.J.Fullilove@dodgeit.com,91-102-2037,Diners Club,,SE205 ,IT,WHQPWH25A09H876D,3.64249E+13,,10055,1282,00:00:00,00:47:52.600000,23.37,WE157 ,00:00:00,2016-04-25 00:00:00,24,223.31,Medium,Medium,complete,Phone,No,FirstTime,HighValue,GEN_Y,0,0,0,0,0,0,0,0,0,1,0,0,0,0,0,0,0,1,0,0,0,0,0,0,0,1,0,1,1
Reda ,Fullilove ,Reda Fullilove ,Mrs.,518 Crestview Terrace,Alcalali,,ES,3728,0,,Reda.J.Fullilove@dodgeit.com,91-102-2037,Diners Club,,SE205 ,IT,WHQPWH25A09H876D,3.62953E+13,,10055,4950,00:00:00,00:43:54.600000,18.45,NE103 ,00:00:00,2016-10-27 00:00:00,24,129.77,Medium,Medium,complete,Phone,No,FirstTime,MediumValue,GEN_Y,1,0,1,0,0,0,0,0,0,0,0,0,0,0,0,0,0,0,0,0,1,0,0,0,1,0,0,0,0
Cecil ,Games ,Cecil Games ,Mr.,3747 Abner Road,Aldearrubia,,ES,37340,0,,Cecil.A.Games@trashymail.com,91-103-1865,VISA,,WE421 ,FR,2.1E+14,4.62126E+15,,10059,1985,00:00:00,00:25:36.600000,21.97,WE415 ,00:00:00,2016-03-30 00:00:00,age-32,5.91,Small,Small,in-progress,Phone,No,FirstTime,LowValue,GEN_Z,0,0,0,0,0,0,0,0,0,0,0,0,0,1,0,0,0,0,0,0,0,0,0,0,0,0,0,0,0
Cecil ,Games ,Cecil Games ,Mr.,3747 Abner Road,Aldearrubia,,ES,37340,0,,Cecil.A.Games@trashymail.com,91-103-1865,VISA,,WE421 ,FR,2.1E+14,4.69908E+15,,10059,3363,00:00:00,00:23:44.800000,68.57,NW244 ,00:00:00,2016-12-15 00:00:00,age-32,173.62,Medium,Medium,complete,Phone,No,FirstTime,HighValue,GEN_Z,1,0,0,0,0,0,0,0,0,1,0,0,0,0,0,0,0,1,1,0,0,0,0,0,0,1,0,0,0
Edward ,Turner ,Edward Turner ,Mr.,3179 Stratford Drive,Alexandrian,LA,US,71301,0,,Edward.C.Turner@mailinator.com,313-244-7595,Diners Club,,WE154 ,FR,7.54E+14,3.61394E+13,,10063,564,00:00:00,00:58:44.900000,7.12,SW343 ,00:00:00,2016-05-30 00:00:00,65,198.38,Medium,Medium,cancelled,Desktop,No,Frequent,HighValue,BABY_BOOMERS,0,1,0,1,0,0,1,0,1,1,0,0,0,0,0,0,0,1,0,0,0,1,0,0,0,1,0,0,0
Edward ,Turner ,Edward Turner ,Mr.,3179 Stratford Drive,Alexandria,LA,US,71301,0,,Edward.C.Turner@mailinator.com,313-244-7595,Diners Club,,WE154 ,FR,7.54E+14,3.62541E+13,,10063,1506,00:00:00,00:34:16.600000,22.77,SE403 ,00:00:00,2016-09-09 00:00:00,65,242.23,Medium,Medium,complete,Desktop,No,Frequent,HighValue,BABY_BOOMERS,0,1,1,0,0,0,0,0,1,1,0,0,0,0,0,0,0,1,0,0,0,1,0,1,0,0,0,1,1
Edward ,Turner ,Edward Turner ,Mr.,3179 Stratford Drive,Alexandria,LA,US,71301,0,,Edward.C.Turner@mailinator.com,313-244-7595,Diners Club,,WE154 ,FR,7.54E+14,3.62374E+13,,10063,3586,00:00:00,00:34:16.600000,11.45,NW115 ,00:00:00,2016-12-19 00:00:00,65,270.16,Medium,Medium,complete,Desktop,No,Frequent,HighValue,BABY_BOOMERS,0,0,0,0,0,0,0,0,0,1,0,0,0,0,0,0,0,1,0,0,0,0,0,0,0,0,0,1,1
Amy ,Randle ,Amy Randle ,Mrs.,4316 Nickel Road,Algaida,,ES,7210,0,,Amy.M.Randle@mailinator.com,91-271-2733,VISA,,NC292 ,U.S.,515250001,4.59416E+15,,10067,1042,00:00:00,00:57:35.600000,27.99,SE334 ,00:00:00,2016-10-09 00:00:00,28,57.87,Small,Small,cancelled,Phone,No,Frequent,MediumValue,GEN_Y,0,1,0,0,0,1,0,0,0,0,0,0,0,0,0,0,1,0,0,1,1,0,0,0,0,0,1,0,0
Amy ,Randle ,Amy Randle ,Mrs.,4316 Nickel Road,Algaida,,ES,7210,0,,Amy.M.Randle@mailinator.com,91-271-2733,VISA,,NC292 ,U.S.,515250001,4.63068E+15,,10067,1239,00:00:00,00:29:06.200000,7.85,SE208 ,00:00:00,2016-03-01 00:00:00,28,378,Large,Large,complete,Phone,No,Frequent,LowValue,GEN_Y,0,0,0,0,0,0,0,0,0,0,1,0,1,0,0,0,1,0,0,0,0,0,0,0,0,0,0,0,0
Rafael ,Middleton ,Rafael Middleton ,Mr.,3020 Callison Lane,Allentown,MD,US,20222,0,,Rafael.G.Middleton@spambob.com,781-315-9600,JCB,,SC262 ,U.S.,530990002,3.52892E+15,,10075,670,00:00:00,00:39:06.200000,11.85,SC130 ,00:00:00,2016-02-27 00:00:00,73,142.54,Medium,Medium,complete,Desktop,No,Frequent,MediumValue,BABY_BOOMERS,0,0,0,1,0,0,0,1,0,0,0,0,0,0,1,0,0,1,0,0,0,0,0,1,0,0,0,0,1
Rafael ,Middleton ,Rafael Middleton ,Mr.,3020 Callison Lane,Allentown,MD,US,20222,0,,Rafael.G.Middleton@spambob.com,781-315-9600,JCB,,SC262 ,U.S.,530990002,3.52868E+15,,10075,2231,00:00:00,00:47:56.400000,9,WE220 ,00:00:00,2016-12-25 00:00:00,73,197.81,Medium,Medium,complete,Desktop,No,Frequent,HighValue,BABY_BOOMERS,0,0,0,0,0,0,0,0,0,0,0,0,0,0,0,1,0,1,0,0,0,1,0,0,0,0,0,0,1
Rafael ,Middleton ,Rafael Middleton ,Mr.,3020 Callison Lane,Allentown,MD,US,20222,0,,Rafael.G.Middleton@spambob.com,781-315-9600,JCB,,SC262 ,U.S.,530990002,3.52816E+15,,10075,9068,00:00:00,00:07:36.400000,16.27,NW379 ,00:00:00,2016-01-03 00:00:00,73,179.38,Medium,Medium,complete,Desktop,No,Frequent,HighValue,BABY_BOOMERS,0,0,0,0,0,0,0,0,0,1,0,0,0,0,1,1,0,1,0,0,0,0,0,0,0,0,0,1,0
Earl ,Bruner ,Earl Bruner ,Mr.,3155 Single Street,Alma,QC,CA,G8B 2W5,0,,Earl.M.Bruner@pookmail.com,613-353-4540,American Express,,NE172 ,ES,5873675G,3.77233E+14,,10079,3545,00:00:00,00:57:39.400000,6.37,SW142 ,00:00:00,2016-04-30 00:00:00,19,20.37,Small,Small,complete,Phone,No,Frequent,LowValue,GEN_Z,0,0,0,0,0,0,0,0,0,0,1,0,1,0,0,0,1,0,0,0,0,0,0,0,0,0,0,0,0
Linda ,Garcia ,Linda Garcia ,Mrs.,2306 Thrash Trail,Alpo,VR,IT,37060,0,,Linda.J.Garcia@mailinator.com,0317 2702530,JCB,,SE268 ,U.S.,22868164,3.5289E+15,,10083,1728,00:00:00,00:59:36.200000,17.87,SC199 ,00:00:00,2016-12-27 00:00:00,40,560,Large,Large,complete,Phone,No,Occasional,LowValue,GEN_Y,0,0,0,0,0,0,1,0,0,0,0,0,0,0,0,0,0,0,0,0,0,0,0,0,0,0,0,0,0
Quinn ,Perry ,Quinn Perry ,Master.,749 C Street,Amarillo,TX,US,79109,0,,Quinn.S.Perry@spambob.com,603-366-3347,American Express,,SC322 ,IT,FHGPMO74D11L254L,3.4364E+14,,10091,3359,00:00:00,00:59:36.200000,68.57,SC199 ,00:00:00,2016-12-27 00:00:00,40,24.08,Small,Small,complete,Phone,No,Occasional,LowValue,GEN_Y,0,0,0,0,0,0,0,0,0,0,1,0,1,0,0,0,1,0,0,0,1,0,0,0,0,0,0,0,0
Quinn ,Perry ,Quinn Perry ,Master.,749 C Street,Amarillo,TX,US,79109,0,,Quinn.S.Perry@spambob.com,603-366-3347,American Express,,SC322 ,IT,FHGPMO74D11L254L,3.74897E+14,,10091,6717,00:00:00,00:13:54.600000,13.25,SE400 ,00:00:00,2016-07-03 00:00:00,40,5.2,Small,Small,complete,Phone,No,Occasional,LowValue,GEN_Y,0,0,0,0,0,0,0,0,0,0,1,0,0,0,0,0,0,0,0,1,0,0,0,0,0,0,1,0,0
Quinn ,Perry ,Quinn Perry ,Master.,749 C Street,Amarillo,TX,US,79109,0,,Quinn.S.Perry@spambob.com,603-366-3347,American Express,,SC322 ,IT,FHGPMO74D11L254L,3.41829E+14,,10091,7265,00:00:00,00:07:39.400000,7.45,WE286 ,00:00:00,2016-11-30 00:00:00,40,35.16,Small,Small,in-progress,Phone,No,Occasional,LowValue,GEN_Y,0,0,0,0,0,0,0,0,0,0,1,0,1,0,0,0,1,0,0,0,0,0,0,0,0,0,0,0,0
Kristin ,Mendoza ,Kristin Mendoza ,Mrs.,2909 Frank Avenue,Anaheim,CA,US,92805,0,,Kristin.T.Mendoza@spambob.com,865-685-8215,Diners Club,,WE154 ,FR,7E+14,3.69803E+13,,10095,2162,00:00:00,00:43:54.600000,8.99,SW340 ,00:00:00,2016-02-27 00:00:00,age-55,35.36,Small,Small,cancelled,Phone,No,Frequent,LowValue,GEN_Z,0,0,0,0,0,0,0,0,0,0,1,0,1,1,0,0,1,0,0,0,1,0,0,0,0,0,0,0,0
Kristin ,Mendoza ,Kristin Mendoza ,Mrs.,2909 Frank Avenue,Anaheim,CA,US,92805,0,,Kristin.T.Mendoza@spambob.com,865-685-8215,Diners Club,,WE154 ,FR,7E+14,3.69443E+13,,10095,3305,00:00:00,00:27:55.600000,33.99,SW217 ,00:00:00,2016-10-06 00:00:00,age-55,24.92,Small,Small,complete,Phone,No,Frequent,LowValue,GEN_Z,0,0,0,0,0,0,0,0,0,0,1,0,0,0,0,0,0,0,0,0,0,0,0,0,0,0,0,0,0
Kristin ,Mendoza ,Kristin Mendoza ,Mrs.,2909 Frank Avenue,Anaheim,CA,US,92805,0,,Kristin.T.Mendoza@spambob.com,865-685-8215,Diners Club,,WE154 ,FR,7E+14,3.66242E+13,,10095,3967,00:00:00,00:43:54.600000,11.88,NW316 ,00:00:00,2016-12-12 00:00:00,age-55,281.82,Medium,Medium,complete,Phone,No,Frequent,HighValue,GEN_Z,0,0,0,0,0,0,0,0,0,1,0,0,0,0,0,0,0,1,1,0,0,1,0,0,0,0,0,1,0
Kristin ,Mendoza ,Kristin Mendoza ,Mrs.,2909 Frank Avenue,Anaheim,CA,US,92805,0,,Kristin.T.Mendoza@spambob.com,865-685-8215,Diners Club,,WE154 ,FR,7E+14,3.63092E+13,,10095,4382,00:00:00,00:29:06.200000,19.85,NC358 ,00:00:00,2016-07-23 00:00:00,age-55,6.33,Small,Small,cancelled,Phone,No,Frequent,LowValue,GEN_Z,0,0,0,0,0,0,0,0,0,0,1,0,1,0,0,0,1,0,0,0,0,0,0,0,0,0,0,0,0
Kristin ,Mendoza ,Kristin Mendoza ,Mrs.,2909 Frank Avenue,Anaheim,CA,US,92805,0,,Kristin.T.Mendoza@spambob.com,865-685-8215,Diners Club,,WE154 ,FR,7E+14,3.65225E+13,,10095,6009,00:00:00,00:07:36.400000,18.99,NW379 ,00:00:00,2016-01-03 00:00:00,age-55,97.72,Small,Small,complete,Phone,No,Frequent,MediumValue,GEN_Z,0,1,1,0,0,0,0,1,1,0,0,0,0,0,0,0,0,0,0,0,0,0,0,0,1,0,0,0,0
Michael ,Gordon ,Michael Gordon ,Mr.,388 Kelly Drive,Ancona,AN,IT,60123,0,,Michael.S.Gordon@dodgeit.com,0373 6095994,Diners Club,,RP385 ,U.S.,316290001,3.62051E+13,,10099,5481,00:00:00,00:11:26.300000,8.99,RP385 ,00:00:00,2016-06-20 00:00:00,63,33.34,Small,Small,complete,Phone,No,Occasional,LowValue,BABY_BOOMERS,0,0,0,0,0,0,0,0,0,0,1,0,1,0,0,0,1,0,0,0,1,0,0,0,0,0,0,0,0
Phyllis ,White ,Phyllis White ,Mrs.,4738 Jerry Dove Drive,Angas Plains,SA,AU,5255,0,,Phyllis.J.White@pookmail.com,(02) 4024 5353,American Express,,WE151 ,IT,HCNFEA86A41E274E,3.77663E+14,,10103,2118,00:00:00,00:43:54.600000,1.49,NE103 ,00:00:00,2016-10-27 00:00:00,51,34.95,Small,Small,complete,Phone,No,Occasional,LowValue,GEN_X,0,0,0,0,0,0,0,0,0,0,0,0,0,0,0,0,0,0,0,0,1,0,0,0,0,0,0,0,0
Phyllis ,White ,Phyllis White ,Mrs.,4738 Jerry Dove Drive,Angas Plains,SA,AU,5255,0,,Phyllis.J.White@pookmail.com,(02) 4024 5353,American Express,,WE151 ,IT,HCNFEA86A41E274E,3.71632E+14,,10103,3746,00:00:00,00:27:55.600000,6.37,SW217 ,00:00:00,2016-10-06 00:00:00,51,10.85,Small,Small,complete,Phone,No,Occasional,LowValue,GEN_X,0,0,0,0,0,0,0,0,0,0,1,0,0,0,0,0,0,0,0,0,0,0,0,0,0,0,0,0,0
Phyllis ,White ,Phyllis White ,Mrs.,4738 Jerry Dove Drive,Angas Plains,SA,AU,5255,0,,Phyllis.J.White@pookmail.com,(02) 4024 5353,American Express,,WE151 ,IT,HCNFEA86A41E274E,3.4776E+14,,10103,4425,00:00:00,00:34:16.600000,2.87,WE355 ,00:00:00,2016-12-20 00:00:00,51,20.89,Small,Small,complete,Phone,No,Occasional,LowValue,GEN_X,0,0,0,0,0,0,0,0,0,0,1,0,1,1,0,0,1,0,0,0,1,0,0,0,0,0,0,0,0
Phyllis ,White ,Phyllis White ,Mrs.,4738 Jerry Dove Drive,Angas Plains,SA,AU,5255,0,,Phyllis.J.White@pookmail.com,(02) 4024 5353,American Express,,WE151 ,IT,HCNFEA86A41E274E,3.45633E+14,,10103,4942,00:47:25,00:47:25.400000,18.45,NE109 ,00:47:25,2016-05-08 00:00:00,51,33.7,Small,Small,in-progress,Phone,No,Occasional,LowValue,GEN_X,1,0,0,0,0,0,0,0,0,0,0,0,0,0,0,0,0,0,0,0,0,0,0,0,0,0,0,0,0
Katherine ,Mullins ,Katherine Mullins ,Mrs.,4245 Adamsville Road,Angwin,CA,US,94508,0,,Katherine.W.Mullins@spambob.com,503-688-0336,Diners Club,,NC424 ,ES,X6490143A,3.60254E+13,,10107,825,00:00:00,00:59:06.200000,6.38,WE349 ,00:00:00,2016-06-27 00:00:00,64,16.56,Small,Small,complete,Phone,No,Occasional,LowValue,BABY_BOOMERS,0,0,0,0,1,0,0,0,0,0,0,0,0,0,0,0,0,0,0,0,0,0,0,0,0,0,0,0,0
Katherine ,Mullins ,Katherine Mullins ,Mrs.,4245 Adamsville Road,Angwin,CA,US,94508,0,,Katherine.W.Mullins@spambob.com,503-688-0336,Diners Club,,NC424 ,ES,X6490143A,3.61212E+13,,10107,2024,00:00:00,00:32:45.100000,17.87,RP190 ,00:00:00,2016-06-15 00:00:00,64,8.71,Small,Small,cancelled,Phone,No,Occasional,LowValue,BABY_BOOMERS,0,0,0,0,0,0,0,0,0,0,0,0,0,1,0,0,0,0,0,0,0,0,0,0,0,0,0,0,0
Katherine ,Mullins ,Katherine Mullins ,Mrs.,4245 Adamsville Road,Angwin,CA,US,94508,0,,Katherine.W.Mullins@spambob.com,503-688-0336,Diners Club,,NC424 ,ES,X6490143A,3.68181E+13,,10107,2582,00:00:00,00:33:26.300000,8.99,WE154 ,00:00:00,2016-09-20 00:00:00,64,25.77,Small,Small,complete,Phone,No,Occasional,LowValue,BABY_BOOMERS,0,0,0,0,0,0,0,0,0,0,1,0,1,1,0,0,1,0,0,0,1,0,0,0,0,0,0,0,0
Katherine ,Mullins ,Katherine Mullins ,Mrs.,4245 Adamsville Road,Angwin,CA,US,94508,0,,Katherine.W.Mullins@spambob.com,503-688-0336,Diners Club,,NC424 ,ES,X6490143A,3.66345E+13,,10107,7943,00:00:00,00:27:56.400000,21.97,SE268 ,00:00:00,2016-12-16 00:00:00,64,46.92,Small,Small,complete,Phone,No,Occasional,LowValue,BABY_BOOMERS,0,0,0,0,0,0,0,0,0,0,1,0,1,1,0,0,1,0,0,0,1,0,0,0,0,0,0,0,0
Lisa ,Guest ,Lisa Guest ,Mrs.,4317 Lyon Avenue,Annone Veneto,VE,IT,30020,0,,Lisa.D.Guest@spambob.com,0312 0608733,Diners Club,,NE235 ,ES,4204474M,3.66448E+13,,10111,5147,00:00:00,00:23:54.600000,14.8,NC295 ,00:00:00,2016-02-27 00:00:00,19,22.02,Small,Small,cancelled,Phone,No,Frequent,LowValue,GEN_Z,0,0,0,0,0,0,0,0,0,0,1,0,1,1,0,0,1,0,0,0,1,0,0,0,0,0,0,0,0
Lisa ,Guest ,Lisa Guest ,Mrs.,4317 Lyon Avenue,Annone Veneto,VE,IT,30020,0,,Lisa.D.Guest@spambob.com,0312 0608733,Diners Club,,NE235 ,ES,4204474M,3.61167E+13,,10111,8444,00:00:00,00:59:36.200000,17.87,SC199 ,00:00:00,2016-12-27 00:00:00,19,31.3,Small,Small,complete,Phone,No,Frequent,LowValue,GEN_Z,0,0,0,0,0,0,0,0,0,0,1,0,1,1,0,0,1,0,0,0,1,0,0,0,0,0,0,0,0
Scott ,Lawson ,Scott Lawson ,Mr.,3105 Spadafore Drive,Antioch,WI,US,60002,0,,Scott.M.Lawson@spambob.com,201-799-5873,JCB,,SE133 ,CA,518957246,3.52845E+15,,10115,479,00:00:00,00:22:36.600000,18.99,WE421 ,00:00:00,2016-04-19 00:00:00,,7.02,Small,Small,complete,Desktop,No,Occasional,LowValue,GEN_Z,1,0,0,0,0,0,0,0,0,0,0,0,0,1,0,0,0,0,0,0,0,0,0,0,0,0,0,0,0
Scott ,Lawson ,Scott Lawson ,Mr.,3105 Spadafore Drive,Antioch,WI,US,60002,0,,Scott.M.Lawson@spambob.com,201-799-5873,JCB,,SE133 ,CA,518957246,3.52825E+15,,10115,1059,00:47:25,00:47:25.400000,27.97,SW211 ,00:47:25,2016-05-08 00:00:00,,127.03,Medium,Medium,in-progress,Phone,No,Occasional,MediumValue,GEN_Z,0,0,0,1,1,0,0,0,0,0,1,0,0,1,0,0,0,0,0,1,1,0,0,0,0,0,0,0,0
Robert ,Bilbo ,Robert Bilbo ,Mr.,2553 Clousson Road,Appiano Gentile,CO,IT,22070,0,,Robert.L.Bilbo@dodgeit.com,0390 9449254,JCB,,SC196 ,IT,QIEZKO91C65L851P,3.52808E+15,,10119,1969,00:00:00,00:57:39.400000,26.87,SW142 ,00:00:00,2016-04-30 00:00:00,49,39.74,Small,Small,complete,Phone,No,Occasional,LowValue,GEN_X,0,0,0,0,0,0,0,0,0,0,1,0,1,1,0,0,1,0,0,0,0,0,0,0,0,0,0,0,0
Ahmed ,Richard ,Ahmed Richard ,Mr.,1346 Carter Street,Appleton,WI,US,54911,0,,Ahmed.P.Richard@mailinator.com,510-517-7759,JCB,,SW214 ,U.S.,229990001,3.52823E+15,,10123,4564,00:00:00,00:43:52.600000,24.08,SW274 ,00:00:00,2016-01-25 00:00:00,20,44.29,Small,Small,complete,Phone,No,FirstTime,LowValue,GEN_Z,0,0,0,0,0,0,0,0,0,0,0,0,0,0,0,0,0,0,0,0,0,0,1,0,0,0,0,0,0
Ahmed ,Richard ,Ahmed Richard ,Mr.,1346 Carter Street,Appleton,WI,US,54911,0,,Ahmed.P.Richard@mailinator.com,510-517-7759,JCB,,SW214 ,U.S.,229990001,3.52856E+15,,10123,6596,00:00:00,00:32:50.800000,16.27,NW247 ,00:00:00,2016-01-15 00:00:00,20,46.36,Small,Small,cancelled,Phone,No,FirstTime,LowValue,GEN_Z,0,0,0,0,0,0,0,0,0,0,0,0,0,0,0,0,0,0,0,0,0,0,1,0,0,0,0,0,0
Ahmed ,Richard ,Ahmed Richard ,Mr.,1346 Carter Street,Appleton,WI,US,54911,0,,Ahmed.P.Richard@mailinator.com,510-517-7759,JCB,,SW214 ,U.S.,229990001,3.52827E+15,,10123,7325,00:00:00,00:33:44.900000,11.45,NW112 ,00:00:00,2016-05-30 00:00:00,20,227.61,Medium,Medium,complete,Phone,No,FirstTime,HighValue,GEN_Z,0,0,0,0,0,0,0,0,0,1,0,0,0,0,0,1,0,0,0,0,0,0,0,0,0,1,0,1,1
Ahmed ,Richard ,Ahmed Richard ,Mr.,1346 Carter Street,Appleton,WI,US,54911,0,,Ahmed.P.Richard@mailinator.com,510-517-7759,JCB,,SW214 ,U.S.,229990001,3.52893E+15,,10123,7496,00:00:00,00:32:50.800000,18.45,NW247 ,00:00:00,2016-01-15 00:00:00,20,11.61,Small,Small,complete,Phone,No,FirstTime,LowValue,GEN_Z,0,0,0,0,0,0,0,0,0,0,1,0,1,1,0,0,1,0,0,0,1,0,0,0,0,0,0,0,0
Ahmed ,Richard ,Ahmed Richard ,Mr.,1346 Carter Street,Appleton,WI,US,54911,0,,Ahmed.P.Richard@mailinator.com,510-517-7759,JCB,,SW214 ,U.S.,229990001,3.52888E+15,,10123,7989,00:00:00,00:47:55.600000,17.23,WE151 ,00:00:00,2016-04-29 00:00:00,20,30.5,Small,Small,complete,Desktop,No,FirstTime,LowValue,GEN_Z,0,0,0,0,0,0,0,0,0,0,1,0,1,1,0,0,1,0,0,0,1,0,0,0,0,0,0,0,0
Ray ,Hornsby ,Ray Hornsby ,Mr.,555 DaVISAA Avenue,Archez,,ES,29753,0,,Ray.M.Hornsby@pookmail.com,91-271-2747,VISA,,SC388 ,IT,TMWEAA77M18B017F,4.83945E+15,,10127,3665,00:00:00,00:07:36.400000,8.99,WE352 ,00:00:00,2016-01-04 00:00:00,49,17.29,Small,Small,complete,Phone,No,Occasional,LowValue,GEN_X,0,0,0,0,0,0,1,0,0,0,0,0,0,1,0,0,0,0,0,0,0,0,0,0,0,0,0,0,0
Jason ,Glass ,Jason Glass ,Miss.,289 Bassell Avenue,Argenton,NSW,AU,2284,0,,Jason.M.Glass@spambob.com,(07) 4090 2386,Diners Club,,RP121 ,IT,HCNMPL50M67G315Q,3.63834E+13,,10131,1866,00:00:00,00:17:24.600000,7.02,NC100 ,00:00:00,2016-08-20 00:00:00,78,161.59,Medium,Medium,complete,Desktop,No,Frequent,HighValue,BABY_BOOMERS,0,0,0,1,0,0,0,0,0,0,0,0,0,0,0,1,0,1,1,1,1,1,0,0,0,0,1,0,0
Jason ,Glass ,Jason Glass ,Miss.,289 Bassell Avenue,Argenton,NSW,AU,2284,0,,Jason.M.Glass@spambob.com,(07) 4090 2386,Diners Club,,RP121 ,IT,HCNMPL50M67G315Q,3.68515E+13,,10131,5009,00:00:00,00:43:54.600000,8.23,NW187 ,00:00:00,2016-10-22 00:00:00,78,145.28,Medium,Medium,abandoned,Desktop,No,Frequent,MediumValue,BABY_BOOMERS,0,1,1,0,0,0,0,0,0,0,0,1,0,0,0,0,0,0,0,0,1,0,0,0,0,0,0,0,0
Jason ,Glass ,Jason Glass ,Miss.,289 Bassell Avenue,Argenton,NSW,AU,2284,0,,Jason.M.Glass@spambob.com,(07) 4090 2386,Diners Club,,RP121 ,IT,HCNMPL50M67G315Q,3.64529E+13,,10131,7982,00:47:25,00:47:25.400000,23.12,WE289 ,00:47:25,2016-05-08 00:00:00,78,205.85,Medium,Medium,complete,Desktop,No,Frequent,HighValue,BABY_BOOMERS,0,0,1,0,1,0,0,0,0,1,0,0,0,0,0,1,0,1,0,0,0,1,0,1,0,0,0,1,1
Natalie ,White ,Natalie White ,Mrs.,3233 Rivendell Drive,Arlington,TX,US,76011,0,,Natalie.D.White@dodgeit.com,916-866-4992,VISA,,SE397 ,ES,4674010L,4.65807E+15,,10135,5052,00:00:00,00:11:26.300000,7.85,SE136 ,00:00:00,2016-09-10 00:00:00,,220.34,Medium,Medium,complete,Phone,No,Occasional,HighValue,GEN_Z,0,0,0,0,0,0,0,0,0,0,0,0,0,0,1,1,1,1,1,0,1,0,1,0,0,1,0,0,0
Natalie ,White ,Natalie White ,Mrs.,3233 Rivendell Drive,Arlington,TX,US,76011,0,,Natalie.D.White@dodgeit.com,916-866-4992,VISA,,SE397 ,ES,4674010L,4.90496E+15,,10135,7836,00:00:00,00:29:06.200000,33.85,NC298 ,00:00:00,2016-07-27 00:00:00,,281.44,Medium,Medium,complete,Desktop,No,Occasional,HighValue,GEN_Z,0,0,0,0,0,0,0,0,0,1,0,0,0,0,0,1,0,0,1,0,0,0,0,0,0,0,0,1,1
Donna ,Klock ,Donna Klock ,Mrs.,3107 Byers Lane,Arlington,NE,US,68002,0,,Donna.K.Klock@spambob.com,319-482-8591,VISA,,SC127 ,U.S.,492230001,4.13605E+15,,10139,4045,00:00:00,00:33:44.800000,52,NW184 ,00:00:00,2016-12-20 00:00:00,53,40.12,Small,Small,complete,Phone,No,Occasional,LowValue,BABY_BOOMERS,0,0,0,0,0,0,0,0,0,0,1,0,1,1,0,0,1,0,0,0,1,0,0,0,0,0,0,0,0
Donna ,Klock ,Donna Klock ,Mrs.,3107 Byers Lane,Arlington,NE,US,68002,0,,Donna.K.Klock@spambob.com,319-482-8591,VISA,,SC127 ,U.S.,492230001,4.53574E+15,,10139,4082,00:00:00,00:32:50.800000,16.83,NW247 ,00:00:00,2016-01-15 00:00:00,53,28.48,Small,Small,complete,Phone,No,Occasional,LowValue,BABY_BOOMERS,0,0,0,0,0,0,0,0,0,0,1,0,1,0,0,0,1,0,0,0,0,0,0,0,0,0,0,0,0
Donna ,Klock ,Donna Klock ,Mrs.,3107 Byers Lane,Arlington,NE,US,68002,0,,Donna.K.Klock@spambob.com,319-482-8591,VISA,,SC127 ,U.S.,492230001,4.92978E+15,,10139,6973,00:47:25,00:47:25.400000,13.82,NC163 ,00:47:25,2016-05-08 00:00:00,53,25.83,Small,Small,complete,Phone,No,Occasional,LowValue,BABY_BOOMERS,0,0,0,0,0,0,0,0,0,0,1,0,1,1,0,0,1,0,0,0,1,0,0,0,0,0,0,0,0
Donna ,Klock ,Donna Klock ,Mrs.,3107 Byers Lane,Arlington,NE,US,68002,0,,Donna.K.Klock@spambob.com,319-482-8591,VISA,,SC127 ,U.S.,492230001,4.4267E+15,,10139,8786,00:00:00,00:07:24.500000,7.85,NW382 ,00:00:00,2016-10-08 00:00:00,53,42.85,Small,Small,in-progress,Phone,No,Occasional,LowValue,BABY_BOOMERS,0,0,0,0,0,0,0,0,0,0,1,0,1,1,0,0,1,0,0,0,1,0,0,0,0,0,0,0,0
Donald ,Velazquez ,Donald Velazquez ,Mr.,224 Gandy Street,Aschersleben,,DE,6431,0,,Donald.H.Velazquez@pookmail.com,08321 88 88 19,JCB,,WE154 ,IT,NPPGZI62A63B394C,3.52867E+15,,10147,1102,00:00:00,00:47:55.600000,8.99,WE151 ,00:00:00,2016-04-29 00:00:00,age-19,6.47,Small,Small,complete,Phone,No,FirstTime,LowValue,GEN_Z,0,0,0,0,0,0,0,0,0,0,1,0,1,1,0,0,1,0,0,0,1,0,0,0,0,0,0,0,0
Donald ,Velazquez ,Donald Velazquez ,Mr.,224 Gandy Street,Aschersleben,,DE,6431,0,,Donald.H.Velazquez@pookmail.com,08321 88 88 19,JCB,,WE154 ,IT,NPPGZI62A63B394C,3.529E+15,,10147,5244,00:00:00,00:33:26.300000,17.6,NC229 ,00:00:00,2016-11-20 00:00:00,age-19,93.67,Small,Small,cancelled,Desktop,No,FirstTime,MediumValue,GEN_Z,0,0,0,0,0,0,0,1,0,0,0,0,0,0,1,0,0,0,0,1,0,0,1,0,0,0,0,0,0
Harry ,Brumback ,Harry Brumback ,Mr.,45 Graystone Lakes,Asheboro,NC,US,27203,0,,Harry.L.Brumback@dodgeit.com,773-577-9355,Discover,,SW406 ,FR,7.83E+14,6.01192E+15,,10151,5206,00:00:00,00:29:06.200000,7.02,NC298 ,00:00:00,2016-07-27 00:00:00,75,47.02,Small,Small,complete,Desktop,No,Frequent,LowValue,BABY_BOOMERS,0,0,0,0,0,0,0,0,0,0,1,0,1,1,0,0,1,0,0,0,0,0,0,0,0,0,0,0,0
Harry ,Brumback ,Harry Brumback ,Mr.,45 Graystone Lakes,Asheboro,NC,US,27203,0,,Harry.L.Brumback@dodgeit.com,773-577-9355,Discover,,SW406 ,FR,7.83E+14,6.01198E+15,,10151,5252,00:00:00,00:29:06.200000,13.82,SE208 ,00:00:00,2016-03-01 00:00:00,75,217.37,Medium,Medium,cancelled,Desktop,No,Frequent,HighValue,BABY_BOOMERS,0,0,1,0,0,0,0,0,0,1,0,0,0,0,0,1,0,0,0,1,0,1,1,0,0,1,0,0,0
Harry ,Brumback ,Harry Brumback ,Mr.,45 Graystone Lakes,Asheboro,NC,US,27203,0,,Harry.L.Brumback@dodgeit.com,773-577-9355,Discover,,SW406 ,FR,7.83E+14,6.01195E+15,,10151,8270,00:00:00,00:23:44.800000,14.28,NW244 ,00:00:00,2016-12-15 00:00:00,75,48.8,Small,Small,complete,Desktop,No,Frequent,LowValue,BABY_BOOMERS,0,0,0,0,0,0,0,0,0,0,1,0,0,0,0,0,0,0,0,0,0,0,0,0,0,0,0,0,0
Harold ,Magee ,Harold Magee ,Mr.,565 Cinnamon Lane,Ashland,VA,US,23005,0,,Harold.A.Magee@mailinator.com,503-308-1831,American Express,,NW310 ,UK,YS731666A,3.75518E+14,,10155,1267,00:00:00,00:50:44.900000,21.97,WE223 ,00:00:00,2016-10-07 00:00:00,40,22.38,Small,Small,complete,Phone,No,Occasional,LowValue,GEN_Y,0,0,0,0,0,0,0,0,0,0,1,0,0,0,0,0,0,0,0,0,0,0,0,0,0,0,0,0,0
Harold ,Magee ,Harold Magee ,Mr.,565 Cinnamon Lane,Ashland,VA,US,23005,0,,Harold.A.Magee@mailinator.com,503-308-1831,American Express,,NW310 ,UK,YS731666A,3.43184E+14,,10155,2983,00:00:00,00:27:55,28.55,NE172 ,00:00:00,2016-10-08 00:00:00,40,17.02,Small,Small,complete,Phone,No,Occasional,LowValue,GEN_Y,0,0,0,0,1,0,0,0,0,0,1,0,0,0,0,0,0,0,0,0,0,0,0,0,0,0,0,0,0
Harold ,Magee ,Harold Magee ,Mr.,565 Cinnamon Lane,Ashland,VA,US,23005,0,,Harold.A.Magee@mailinator.com,503-308-1831,American Express,,NW310 ,UK,YS731666A,3.76169E+14,,10155,5455,00:00:00,00:17:24.600000,23.37,NC100 ,00:00:00,2016-08-20 00:00:00,40,19.35,Small,Small,complete,Phone,No,Occasional,LowValue,GEN_Y,0,0,0,0,0,0,0,0,0,0,1,0,0,0,0,0,0,0,0,1,0,0,0,0,0,0,1,0,0
Harold ,Magee ,Harold Magee ,Mr.,565 Cinnamon Lane,Ashland,VA,US,23005,0,,Harold.A.Magee@mailinator.com,503-308-1831,American Express,,NW310 ,UK,YS731666A,3.44975E+14,,10155,8471,00:00:00,00:47:52.600000,21.97,WE157 ,00:00:00,2016-04-25 00:00:00,40,30.45,Small,Small,abandoned,Phone,No,Occasional,LowValue,GEN_Y,0,0,0,0,0,0,0,0,0,0,1,0,1,0,0,0,1,0,0,0,0,0,0,0,0,0,0,0,0
Harold ,Magee ,Harold Magee ,Mr., 565 Cinnamon Lane,Ashland,VA,US,23005,0,,Harold.A.Magee@mailinator.com,503-308-1831,American Express,,NW310 ,UK,YS731666A,3.49153E+14,,10155,8974,00:00:00,00:32:50.800000,17.6,NW247 ,00:00:00,2016-01-15 00:00:00,40,40.62,Small,Small,complete,Phone,No,Occasional,LowValue,GEN_Y,0,0,0,0,0,0,0,0,0,0,0,1,0,0,0,0,0,0,0,0,0,0,0,0,0,0,0,0,0
Melba ,Whitehead ,Melba Whitehead ,Mrs.,4985 Barnes Avenue,Asquith,NSW,AU,2077,0,,Melba.M.Whitehead@trashymail.com,(07) 4507 5357,American Express,,RP121 ,ES,0568157B,3.40547E+14,,10159,601,00:00:00,00:44:16.600000,33.85,NE178 ,00:00:00,2016-12-20 00:00:00,53,28.95,Small,Small,complete,Phone,No,Occasional,LowValue,BABY_BOOMERS,0,0,0,0,0,0,0,0,0,0,1,0,1,1,0,0,1,0,0,0,0,0,0,0,0,0,0,0,0
Melba ,Whitehead ,Melba Whitehead ,Mrs.,4985 Barnes Avenue,Asquith,NSW,AU,2077,0,,Melba.M.Whitehead@trashymail.com,(07) 4507 5357,American Express,,RP121 ,ES,0568157B,3.75976E+14,,10159,810,00:00:00,00:11:26.300000,7.02,RP385 ,00:00:00,2016-06-20 00:00:00,53,7.89,Small,Small,complete,Phone,No,Occasional,LowValue,BABY_BOOMERS,1,0,0,0,0,0,0,0,0,0,0,0,0,0,0,0,0,0,0,0,0,0,0,0,0,0,0,0,0
Melba ,Whitehead ,Melba Whitehead ,Mrs.,4985 Barnes Avenue,Asquith,NSW,AU,2077,0,,Melba.M.Whitehead@trashymail.com,(07) 4507 5357,American Express,,RP121 ,ES,0568157B,3.45604E+14,,10159,3072,00:00:00,00:43:54.800000,11.45,NC364 ,00:00:00,2016-12-12 00:00:00,53,45.27,Small,Small,complete,Phone,No,Occasional,LowValue,BABY_BOOMERS,0,0,0,0,0,0,0,0,0,0,1,0,1,1,0,0,1,0,0,0,1,0,0,0,0,0,0,0,0
Melba ,Whitehead ,Melba Whitehead ,Mrs.,4985 Barnes Avenue,Asquith,NSW,AU,2077,0,,Melba.M.Whitehead@trashymail.com,(07) 4507 5357,American Express,,RP121 ,ES,0568157B,3.46804E+14,,10159,4170,00:00:00,00:07:39.400000,16.85,SC256 ,00:00:00,2016-11-14 00:00:00,53,8.46,Small,Small,cancelled,Phone,No,Occasional,LowValue,BABY_BOOMERS,0,0,0,0,0,0,0,0,0,0,0,0,0,1,0,0,0,0,0,0,0,0,0,0,0,0,0,0,0
Melba ,Whitehead ,Melba Whitehead ,Mrs.,4985 Barnes Avenue,Asquith,NSW,AU,2077,0,,Melba.M.Whitehead@trashymail.com,(07) 4507 5357,American Express,,RP121 ,ES,0568157B,3.40467E+14,,10159,7795,00:00:00,00:11:26.300000,16.33,NC169 ,00:00:00,2016-06-20 00:00:00,53,800.9,Large,Large,complete,Phone,No,Occasional,LowValue,BABY_BOOMERS,0,0,0,0,0,0,0,0,0,0,1,0,1,1,0,0,1,0,0,0,1,0,0,0,0,0,0,0,0
Ivan ,Case ,Ivan Case ,Mr.,2540 School Street,Athens,TX,US,75751,0,,Ivan.J.Case@dodgeit.com,512-391-4111,Diners Club,,SC130 ,U.S.,23868154,3.68516E+13,,10163,1566,00:00:00,00:33:26.300000,6.37,SE397 ,00:00:00,2016-12-20 00:00:00,27,190.12,Medium,Medium,complete,Desktop,No,FirstTime,HighValue,GEN_Y,0,1,0,0,0,1,0,0,0,1,0,0,0,0,0,1,0,0,1,0,0,1,0,0,0,0,0,0,0
Ivan ,Case ,Ivan Case ,Mr.,2540 School Street,Athens,TX,US,75751,0,,Ivan.J.Case@dodgeit.com,512-391-4111,Diners Club,,SC130 ,U.S.,23868154,3.6184E+13,,10163,1740,00:00:00,00:36:44.900000,13.33,RP319 ,00:00:00,2016-07-20 00:00:00,27,282.85,Medium,Medium,in-progress,Phone,No,FirstTime,HighValue,GEN_Y,0,0,1,0,0,0,0,0,0,1,0,0,0,0,1,1,0,1,0,0,0,1,0,1,0,0,0,1,1
Bob ,Davenport ,Bob Davenport ,Mr.,488 Lonely Oak Drive,Atlanta,GA,US,30345,0,,Bob.N.Davenport@pookmail.com,512-912-9995,Discover,,NE103 ,FR,1.28E+14,6.01111E+15,,10167,1901,00:00:00,00:11:26.300000,11.88,SE136 ,00:00:00,2016-09-10 00:00:00,,267.24,Medium,Medium,complete,Phone,No,Frequent,HighValue,GEN_Z,0,0,0,0,0,0,1,0,0,1,0,0,0,0,0,1,0,1,0,1,0,0,0,1,0,1,0,0,1
Jennifer ,Howard ,Jennifer Howard ,Mrs.,3339 Twin Willow Lane,Atlanta,GA,US,30329,0,,Jennifer.M.Howard@spambob.com,559-927-9392,Discover,,SC199 ,IT,SQOOUI42T60G511Z,6.01156E+15,,10171,2171,00:00:00,00:58:44.900000,18.99,SW343 ,00:00:00,2016-05-30 00:00:00,,50.67,Small,Small,complete,Phone,No,FirstTime,LowValue,GEN_Z,0,0,0,0,0,0,0,0,0,0,0,0,0,1,0,0,0,0,0,0,0,0,0,0,0,0,0,0,0
Jennifer ,Howard ,Jennifer Howard ,Mrs.,3339 Twin Willow Lane,Atlanta,GA,US,30329,0,,Jennifer.M.Howard@spambob.com,559-927-9392,Discover,,SC199 ,IT,SQOOUI42T60G511Z,6.01165E+15,,10171,7867,00:00:00,00:29:06.200000,8.99,NC358 ,00:00:00,2016-07-23 00:00:00,,26.97,Small,Small,cancelled,Phone,No,FirstTime,LowValue,GEN_Z,0,0,1,0,0,0,0,0,0,0,1,0,0,0,0,0,0,0,0,0,0,0,0,0,0,0,0,0,0
Jennifer ,Howard ,Jennifer Howard ,Mrs.,3339 Twin Willow Lane,Atlanta,GA,US,30329,0,,Jennifer.M.Howard@spambob.com,559-927-9392,Discover,,SC199 ,IT,SQOOUI42T60G511Z,6.01197E+15,,10171,8182,00:00:00,00:22:36.600000,6.87,NE238 ,00:00:00,2016-05-19 00:00:00,,7.12,Small,Small,complete,Phone,No,FirstTime,LowValue,GEN_Z,0,0,0,0,0,0,0,0,0,0,1,0,1,1,0,0,1,0,0,0,1,0,0,0,0,0,0,0,0
Jana ,Hall ,Jana Hall ,Mrs.,2050 Randolph Street,Atlantic City,NJ,US,8401,0,,Jana.R.Hall@mailinator.com,410-971-3586,American Express,,NC361 ,ES,X4152416L,3.70602E+14,,10179,5684,00:00:00,00:13:54.600000,18.99,SE400 ,00:00:00,2016-07-03 00:00:00,30,29.89,Small,Small,complete,Phone,No,Occasional,LowValue,GEN_Y,0,0,0,0,0,0,0,0,0,0,1,0,1,1,0,0,1,0,0,0,1,0,0,0,0,0,0,0,0
Jana ,Hall ,Jana Hall ,Mrs.,2050 Randolph Street,Atlantic City,NJ,US,8401,0,,Jana.R.Hall@mailinator.com,410-971-3586,American Express,,NC361 ,ES,X4152416L,3.40179E+14,,10179,8402,00:00:00,00:43:52.600000,23.37,SW274 ,00:00:00,2016-01-25 00:00:00,30,49.78,Small,Small,in-progress,Phone,No,Occasional,LowValue,GEN_Y,0,1,0,0,0,0,0,0,1,0,1,0,0,0,0,0,0,0,0,0,0,0,0,0,0,0,0,0,0
Arlene ,Cruz ,Arlene Cruz ,Mrs.,4858 Bottom Lane,Auburn,WA,US,98002,0,,Arlene.M.Cruz@mailinator.com,817-905-6598,JCB,,SW211 ,IT,CQQVJC41M50H989G,3.52803E+15,,10183,2269,00:00:00,00:32:45.100000,7.12,RP190 ,00:00:00,2016-06-15 00:00:00,35,30.79,Small,Small,complete,Phone,No,Occasional,LowValue,GEN_Y,0,0,0,0,0,0,0,0,0,0,1,0,1,1,0,0,1,0,0,0,1,0,0,0,0,0,0,0,0
Arlene ,Cruz ,Arlene Cruz ,Mrs.,4858 Bottom Lane,Auburn,WA,US,98002,0,,Arlene.M.Cruz@mailinator.com,817-905-6598,JCB,,SW211 ,IT,CQQVJC41M50H989G,3.5285E+15,,10183,6950,00:00:00,00:27:55.600000,10.45,SW217 ,00:00:00,2016-10-06 00:00:00,35,42.66,Small,Small,complete,Phone,No,Occasional,LowValue,GEN_Y,0,1,0,0,0,0,0,0,1,0,1,0,0,0,0,0,0,0,0,0,0,0,0,0,0,0,0,0,0
Mildred ,Carey ,Mildred Carey ,Mrs.,3362 Post Avenue,Aulnay-sous-bois,,FR,93600,0,,Mildred.M.Carey@mailinator.com,03.43.65.57.75,American Express,,NE373 ,ES,5876860S,3.43374E+14,,10187,1385,00:00:00,00:50:44.900000,7.12,WE223 ,00:00:00,2016-10-07 00:00:00,75,150.79,Medium,Medium,cancelled,Desktop,No,Frequent,MediumValue,BABY_BOOMERS,0,0,0,0,1,0,0,0,0,0,0,1,0,0,0,0,1,0,0,0,1,0,0,0,1,0,0,0,0
Mildred ,Carey ,Mildred Carey ,Mrs.,3362 Post Avenue,Aulnay-sous-bois,,FR,93600,0,,Mildred.M.Carey@mailinator.com,03.43.65.57.75,American Express,,NE373 ,ES,5876860S,3.4729E+14,,10187,2039,00:00:00,00:27:55.600000,27.97,SE271 ,00:00:00,2016-10-09 00:00:00,75,219.64,Medium,Medium,complete,Desktop,No,Frequent,HighValue,BABY_BOOMERS,0,0,0,0,0,0,0,0,0,1,0,0,0,0,0,1,0,1,0,0,0,1,0,0,0,0,0,1,0
Mildred ,Carey ,Mildred Carey ,Mrs.,3362 Post Avenue,Aulnay-sous-bois,,FR,93600,0,,Mildred.M.Carey@mailinator.com,03.43.65.57.75,American Express,,NE373 ,ES,5876860S,3.70889E+14,,10187,2961,00:00:00,00:11:26.300000,19.25,SE136 ,00:00:00,2016-09-10 00:00:00,75,260.84,Medium,Medium,complete,Phone,No,Frequent,HighValue,BABY_BOOMERS,0,0,0,0,0,0,0,0,0,0,0,0,0,0,0,1,0,0,1,0,0,1,0,0,0,1,0,0,0
Mildred ,Carey ,Mildred Carey ,Mrs.,3362 Post Avenue,Aulnay-sous-bois,,FR,93600,0,,Mildred.M.Carey@mailinator.com,03.43.65.57.75,American Express,,NE373 ,ES,5876860S,3.4148E+14,,10187,3576,00:00:00,00:27:56.400000,11.15,SE268 ,00:00:00,2016-12-16 00:00:00,75,260.57,Medium,Medium,complete,Desktop,No,Frequent,HighValue,BABY_BOOMERS,0,0,0,0,0,0,0,0,0,1,0,0,0,0,0,0,1,0,1,0,1,0,0,0,0,1,0,1,1
Yasmin ,Cole ,Yasmin Cole ,Mrs.,2756 Johnson Street,Austin,TX,US,78664,0,,Yasmin.D.Cole@pookmail.com,703-633-1911,VISA,,NC424 ,ES,1062903G,4.76193E+15,,10195,1210,00:00:00,00:29:06.200000,23.37,SW406 ,00:00:00,2016-03-11 00:00:00,68,550,Large,Large,complete,Desktop,No,Occasional,HighValue,BABY_BOOMERS,0,0,0,0,0,0,0,0,0,1,0,0,0,0,0,1,0,0,1,0,0,0,0,0,0,0,0,1,1
Yasmin ,Cole ,Yasmin Cole ,Mrs.,2756 Johnson Street,Austin,TX,US,78664,0,,Yasmin.D.Cole@pookmail.com,703-633-1911,VISA,,NC424 ,ES,1062903G,4.27637E+15,,10195,1562,00:00:00,00:57:28.600000,24.08,WE226 ,00:00:00,2016-09-20 00:00:00,68,31.03,Small,Small,abandoned,Desktop,No,Occasional,LowValue,BABY_BOOMERS,0,0,0,0,0,0,0,0,0,0,1,0,0,1,0,0,0,0,0,0,0,0,0,0,0,0,0,0,0
Yasmin ,Cole ,Yasmin Cole ,Mrs.,2756 Johnson Street,Austin,TX,US,78664,0,,Yasmin.D.Cole@pookmail.com,703-633-1911,VISA,,NC424 ,ES,1062903G,4.02938E+15,,10195,1950,00:00:00,00:29:06.200000,13.33,NC358 ,00:00:00,2016-07-23 00:00:00,68,211.78,Medium,Medium,complete,Desktop,No,Occasional,HighValue,BABY_BOOMERS,0,0,0,0,0,1,0,1,0,1,0,0,0,0,0,1,0,1,0,0,1,0,0,0,0,0,0,1,0
Yasmin ,Cole ,Yasmin Cole ,Mrs.,2756 Johnson Street,Austin,TX,US,78664,0,,Yasmin.D.Cole@pookmail.com,703-633-1911,VISA,,NC424 ,ES,1062903G,4.38923E+15,,10195,4525,00:00:00,00:44:16.600000,10.15,NE178 ,00:00:00,2016-12-20 00:00:00,68,235.03,Medium,Medium,complete,Desktop,No,Occasional,HighValue,BABY_BOOMERS,0,0,0,0,0,0,0,0,0,1,0,0,0,0,1,1,0,0,0,1,0,1,1,0,0,0,1,1,0
Yasmin ,Cole ,Yasmin Cole ,Mrs.,2756 Johnson Street,Austin,TX,US,78664,0,,Yasmin.D.Cole@pookmail.com,703-633-1911,VISA,,NC424 ,ES,1062903G,4.32247E+15,,10195,7524,00:47:25,00:47:25.400000,16.25,SC124 ,00:47:25,2016-05-08 00:00:00,68,240.8,Medium,Medium,complete,Desktop,No,Occasional,HighValue,BABY_BOOMERS,0,0,0,0,0,0,0,0,0,1,0,0,0,0,0,1,0,0,1,0,0,0,0,0,0,0,0,0,1
Jodi ,Bugg ,Jodi Bugg ,Mrs.,1177 Petunia Way,Avio,TN,IT,38063,0,,Jodi.S.Bugg@spambob.com,0396 3484999,American Express,,NC100 ,FR,2.53E+14,3.44866E+14,,10203,1078,00:00:00,00:27:55,16.25,NE172 ,00:00:00,2016-10-08 00:00:00,38,39.62,Small,Small,complete,Phone,No,Occasional,LowValue,GEN_Y,0,0,0,0,0,0,0,0,0,0,1,0,1,0,0,0,1,0,0,0,0,0,0,0,0,0,0,0,0
Jodi ,Bugg ,Jodi Bugg ,Mrs.,1177 Petunia Way,Avio,TN,IT,38063,0,,Jodi.S.Bugg@spambob.com,0396 3484999,American Express,,NC100 ,FR,2.53E+14,3.70252E+14,,10203,7969,00:00:00,00:34:16.600000,26.87,WE355 ,00:00:00,2016-12-20 00:00:00,38,11.64,Small,Small,complete,Phone,No,Occasional,LowValue,GEN_Y,0,0,0,0,0,0,0,0,0,0,1,0,1,1,0,0,1,0,0,0,1,0,0,0,0,0,0,0,0
Henry ,Williams ,Henry Williams ,Mr.,303 School Street,Back Plains,QLD,AU,4361,0,,Henry.C.Williams@spambob.com,(03) 5390 3807,American Express,,SW346 ,UK,TS214786A,3.42963E+14,,10207,8579,00:00:00,00:25:36.600000,23.12,SE133 ,00:00:00,2016-07-03 00:00:00,70,22.85,Small,Small,complete,Desktop,No,Occasional,LowValue,BABY_BOOMERS,0,0,0,0,0,1,0,0,0,0,0,0,0,0,0,0,0,0,0,0,0,0,0,0,0,0,0,0,0
Allen ,Rice ,Allen Rice ,Mr.,491 Browning Lane,Badia Di Cava De Tirreni,SA,IT,84010,0,,Allen.L.Rice@pookmail.com,0310 4718739,VISA,,WE223 ,UK,YH860602C,4.43328E+15,,10211,3605,00:47:25,00:47:25.400000,13.51,WE289 ,00:47:25,2016-05-08 00:00:00,,77.9,Small,Small,in-progress,Phone,No,FirstTime,MediumValue,GEN_Z,1,1,0,0,1,0,0,0,1,0,0,0,0,0,0,0,0,0,0,0,0,0,0,0,0,0,0,0,0
Allen ,Rice ,Allen Rice ,Mr.,491 Browning Lane,Badia Di Cava De Tirreni,SA,IT,84010,0,,Allen.L.Rice@pookmail.com,0310 4718739,VISA,,WE223 ,UK,YH860602C,4.72268E+15,,10211,4985,00:00:00,00:22:36.600000,11.05,NE238 ,00:00:00,2016-05-19 00:00:00,,237.25,Medium,Medium,complete,Phone,No,FirstTime,HighValue,GEN_Z,0,0,0,0,0,0,0,0,0,1,0,0,0,0,0,0,0,1,1,0,0,0,0,0,0,1,0,0,0
Allen ,Rice ,Allen Rice ,Mr.,491 Browning Lane,Badia Di Cava De Tirreni,SA,IT,84010,0,,Allen.L.Rice@pookmail.com,0310 4718739,VISA,,WE223 ,UK,YH860602C,4.60419E+15,,10211,7014,00:00:00,00:47:56.400000,8.15,SC259 ,00:00:00,2016-02-20 00:00:00,,27.23,Small,Small,abandoned,Phone,No,FirstTime,LowValue,GEN_Z,0,0,0,0,0,0,0,0,0,0,1,0,1,0,0,0,1,0,0,0,0,0,0,0,0,0,0,0,0
Bradford ,Claassen ,Bradford Claassen ,Mr.,2895 Jennifer Lane,Bagnasco,CN,IT,12071,0,,Bradford.H.Claassen@mailinator.com,0378 3425616,JCB,,SE268 ,FR,7.96E+14,3.52817E+15,,10215,28,00:00:00,00:36:44.900000,13.88,RP319 ,00:00:00,2016-07-20 00:00:00,,114.25,Medium,Medium,complete,Phone,No,FirstTime,MediumValue,GEN_Z,1,1,0,0,1,0,1,0,0,0,0,0,0,0,0,0,0,0,0,0,0,0,0,0,0,0,0,0,0
Bradford ,Claassen ,Bradford Claassen ,Mr.,2895 Jennifer Lane,Bagnasco,CN,IT,12071,0,,Bradford.H.Claassen@mailinator.com,0378 3425616,JCB,,SE268 ,FR,7.96E+14,3.52861E+15,,10215,9132,00:47:25,00:47:25.400000,6.87,SC394 ,00:47:25,2016-05-08 00:00:00,,132.36,Medium,Medium,complete,Phone,No,FirstTime,MediumValue,GEN_Z,0,0,0,0,0,0,1,0,0,0,0,0,0,0,1,0,0,1,0,0,0,0,0,1,1,0,0,0,1
Elizabeth ,Turner ,Elizabeth Turner ,Mrs.,4107 Limer Street,Baia Del Re,PC,IT,29100,0,,Elizabeth.J.Turner@trashymail.com,0356 9028368,American Express,,NE172 ,ES,6111899V,3.44368E+14,,10219,2700,00:47:25,00:47:25.400000,22.95,SW412 ,00:47:25,2016-05-08 00:00:00,age-45,15.63,Small,Small,complete,Phone,No,Occasional,LowValue,GEN_Z,0,0,0,0,0,0,0,0,0,0,1,0,1,0,0,0,1,0,0,0,0,0,0,0,0,0,0,0,0
Elizabeth ,Turner ,Elizabeth Turner ,Mrs.,4107 Limer Street,Baia Del Re,PC,IT,29100,0,,Elizabeth.J.Turner@trashymail.com,0356 9028368,American Express,,NE172 ,ES,6111899V,3.40918E+14,,10219,5899,00:00:00,00:50:44.900000,28.55,SC127 ,00:00:00,2016-07-30 00:00:00,age-45,33.63,Small,Small,complete,Desktop,No,Occasional,LowValue,GEN_Z,0,0,0,0,0,0,0,0,0,0,1,0,0,0,0,0,0,0,0,0,0,0,0,0,0,0,0,0,0
Dwight ,Armenta ,Dwight Armenta ,Mr.,1043 Lynn Avenue,Bakersfield,CA,US,93307,0,,Dwight.L.Armenta@dodgeit.com,512-885-6258,Diners Club,,WE349 ,CA,321140626,3.68467E+13,,10223,3590,00:00:00,00:29:06.200000,6.15,NC298 ,00:00:00,2016-07-27 00:00:00,age-24,80.57,Small,Small,complete,Phone,No,FirstTime,MediumValue,GEN_Z,0,1,0,0,0,0,1,0,1,0,0,1,0,0,1,0,0,0,0,0,0,0,0,0,0,0,0,0,0
Dwight ,Armenta ,Dwight Armenta ,Mr.,1043 Lynn Avenue,Bakersfield,CA,US,93307,0,,Dwight.L.Armenta@dodgeit.com,512-885-6258,Diners Club,,WE349 ,CA,321140626,3.65583E+13,,10223,4750,00:00:00,00:39:06.200000,17.87,SC130 ,00:00:00,2016-02-27 00:00:00,age-24,39.36,Small,Small,complete,Phone,No,FirstTime,LowValue,GEN_Z,0,0,0,0,1,0,0,0,0,0,0,0,0,0,0,0,0,0,0,0,0,0,0,0,0,0,0,0,0
Dwight ,Armenta ,Dwight Armenta ,Mr.,1043 Lynn Avenue,Bakersfield,CA,US,93307,0,,Dwight.L.Armenta@dodgeit.com,512-885-6258,Diners Club,,WE349 ,CA,321140626,3.67438E+13,,10223,6558,00:00:00,00:58:44.900000,48.52,SW145 ,00:00:00,2016-10-07 00:00:00,age-24,106.06,Medium,Medium,complete,Phone,No,FirstTime,MediumValue,GEN_Z,1,0,1,1,0,0,0,0,0,0,0,0,0,0,1,0,0,0,0,0,0,0,0,0,0,0,0,0,0
Michael ,Pritchard ,Michael Pritchard ,Mr.,1117 Yorkshire Circle,Balliang,VIC,AU,3340,0,,Michael.M.Pritchard@trashymail.com,(08) 9072 2460,Diners Club,,SW412 ,CA,329443600,3.62046E+13,,10227,2083,00:00:00,00:57:39.400000,8.99,SW142 ,00:00:00,2016-04-30 00:00:00,36,350,Large,Large,complete,Phone,No,Occasional,LowValue,GEN_Y,0,0,0,0,0,0,0,0,0,0,0,0,0,0,0,0,0,0,0,0,1,0,0,0,0,0,0,0,0
Michael ,Pritchard ,Michael Pritchard ,Mr.,1117 Yorkshire Circle,Balliang,VIC,AU,3340,0,,Michael.M.Pritchard@trashymail.com,(08) 9072 2460,Diners Club,,SW412 ,CA,329443600,3.63911E+13,,10227,3492,00:00:00,00:44:52.600000,8.23,SE205 ,00:00:00,2016-01-25 00:00:00,36,16,Small,Small,in-progress,Phone,No,Occasional,LowValue,GEN_Y,0,0,0,0,0,0,0,0,0,0,1,0,1,0,0,0,1,0,0,0,0,0,0,0,0,0,0,0,0
Elizabeth ,Martinez ,Elizabeth Martinez ,Mrs.,947 Rainbow Road,Baltimore,MD,US,21202,0,,Elizabeth.B.Martinez@mailinator.com,314-268-8613,Diners Club,,NW118 ,IT,UAAUXX18L25A259N,3.6165E+13,,10231,569,00:00:00,00:07:36.400000,7.12,NW379 ,00:00:00,2016-01-03 00:00:00,73,250.36,Medium,Medium,complete,Desktop,No,Frequent,HighValue,BABY_BOOMERS,0,0,0,0,0,0,0,0,0,1,0,0,0,0,0,1,0,1,0,0,0,1,0,0,0,0,0,1,0
Elizabeth ,Martinez ,Elizabeth Martinez ,Mrs.,947 Rainbow Road,Baltimore,MD,US,21202,0,,Elizabeth.B.Martinez@mailinator.com,314-268-8613,Diners Club,,NW118 ,IT,UAAUXX18L25A259N,3.67744E+13,,10231,1479,00:47:25,00:47:25.400000,13.7,NE109 ,00:47:25,2016-05-08 00:00:00,73,181.03,Medium,Medium,complete,Desktop,No,Frequent,HighValue,BABY_BOOMERS,0,1,0,0,0,0,0,0,1,1,0,0,0,0,0,0,0,1,0,0,0,1,0,0,0,1,0,1,0
Mary ,Bates ,Mary Bates ,Mrs.,1646 Tenmile,Baltimore,MD,US,21201,0,,Mary.T.Bates@pookmail.com,503-337-6080,Diners Club,,NW181 ,ES,2167155A,3.68104E+13,,10235,1511,00:00:00,00:27:55.600000,33.85,SE271 ,00:00:00,2016-10-09 00:00:00,,31.51,Small,Small,complete,Phone,No,Occasional,LowValue,GEN_Z,0,0,0,0,0,0,0,0,0,0,1,0,1,1,0,0,1,0,0,0,1,0,0,0,0,0,0,0,0
Mary ,Bates ,Mary Bates ,Mrs.,1646 Tenmile,Baltimore,MD,US,21201,0,,Mary.T.Bates@pookmail.com,503-337-6080,Diners Club,,NW181 ,ES,2167155A,3.6432E+13,,10235,4669,00:00:00,00:50:44.900000,18.45,WE223 ,00:00:00,2016-10-07 00:00:00,,48.23,Small,Small,complete,Desktop,No,Occasional,LowValue,GEN_Z,0,0,0,0,0,0,0,0,0,0,1,0,0,0,0,0,0,0,0,0,0,0,0,0,0,0,0,0,0
Mandy ,Fernandez ,Mandy Fernandez ,Mrs.,4103 Wilmar Farm Road,Banora Point,NSW,AU,2486,0,,Mandy.M.Fernandez@pookmail.com,(03) 5361 9459,Master Card,,WE355 ,ES,2359270E,5.16767E+15,,10239,5977,00:00:00,00:36:44.900000,9.51,RP319 ,00:00:00,2016-07-20 00:00:00,42,32.99,Small,Small,complete,Phone,No,Occasional,LowValue,GEN_X,0,0,0,0,0,0,0,0,0,0,1,0,1,0,0,0,1,0,0,0,1,0,0,0,0,0,0,0,0
Megan ,Mauro ,Megan Mauro ,Mrs.,701 Clarksburg Park Road,Barnwell,SC,US,29812,0,,Megan.R.Mauro@pookmail.com,631-732-3842,VISA,,WE220 ,CA,391138112,4.77034E+15,,10243,8013,00:00:00,00:22:36.600000,2.87,SW214 ,00:00:00,2016-09-04 00:00:00,48,41.89,Small,Small,in-progress,Phone,No,Occasional,LowValue,GEN_X,0,0,0,0,0,0,0,0,0,0,0,0,0,0,0,0,0,0,0,0,1,0,0,0,0,0,0,0,0
John ,Riley ,John Riley ,Mr.,4904 Hamilton Drive,Barsbittel,,DE,22885,0,,John.S.Riley@spambob.com,04329 69 96 01,Discover,,SE271 ,U.S.,441590001,6.011E+15,,10247,1401,00:00:00,00:27:55,8.15,NE172 ,00:00:00,2016-10-08 00:00:00,40,100.5,Medium,Medium,abandoned,Phone,No,Occasional,LowValue,GEN_Y,0,0,0,0,0,0,0,0,0,0,1,0,1,0,0,0,1,0,0,0,1,0,0,0,0,0,0,0,0
Felix ,Myers ,Felix Myers ,Mr.,170 Angie Drive,Bisecting,SS,IT,7020,0,,Felix.R.Myers@mailinator.com,0389 7059753,VISA,,SW409 ,UK,AH088707D,4.90784E+15,,10251,4555,00:00:00,00:25:36.600000,12,WE415 ,00:00:00,2016-03-30 00:00:00,52,50.43,Small,Small,complete,Phone,No,Occasional,LowValue,BABY_BOOMERS,0,0,0,0,0,0,0,0,0,0,1,0,1,1,0,0,1,0,0,0,1,0,0,0,0,0,0,0,0
Felix ,Myers ,Felix Myers ,Mr.,170 Angie Drive,Bassacutena,SS,IT,7020,0,,Felix.R.Myers@mailinator.com,0389 7059753,VISA,,SW409 ,UK,AH088707D,4.90278E+15,,10251,6092,00:00:00,00:34:16.600000,22.5,SE403 ,00:00:00,2016-09-09 00:00:00,52,39,Small,Small,complete,Phone,No,Occasional,LowValue,BABY_BOOMERS,0,0,0,0,0,0,0,0,0,0,0,0,0,1,0,0,0,0,0,0,0,0,0,0,0,0,0,0,0
Felix ,Myers ,Felix Myers ,Mr.,170 Angie Drive,Bassacutena,SS,IT,7020,0,,Felix.R.Myers@mailinator.com,0389 7059753,VISA,,SW409 ,UK,AH088707D,4.70233E+15,,10251,6612,00:00:00,00:27:55.600000,13.7,SW217 ,00:00:00,2016-10-06 00:00:00,52,42.8,Small,Small,complete,Phone,No,Occasional,LowValue,BABY_BOOMERS,0,0,0,0,0,0,0,0,0,0,1,0,1,1,0,0,1,0,0,0,1,0,0,0,0,0,0,0,0
Frank ,Westra ,Frank Westra ,Mr.,3540 Stout Street,Baton Rouge,LA,US,70806,0,,Frank.K.Westra@spambob.com,661-947-3606,VISA,,NW376 ,FR,7.39E+14,4.78485E+15,,10259,1784,00:00:00,00:47:52.600000,9.22,NE241 ,00:00:00,2016-04-25 00:00:00,24,288.95,Medium,Medium,cancelled,Phone,No,FirstTime,HighValue,GEN_Y,0,0,0,0,0,0,0,0,0,1,0,0,0,0,0,1,0,0,1,0,0,1,0,0,0,0,0,1,0
Frank ,Westra ,Frank Westra ,Mr.,3540 Stout Street,Baton Rouge,LA,US,70806,0,,Frank.K.Westra@spambob.com,661-947-3606,VISA,,NW376 ,FR,7.39E+14,4.45448E+15,,10259,8175,00:00:00,00:39:06.200000,6.87,SE331 ,00:00:00,2016-03-27 00:00:00,24,16.94,Small,Small,in-progress,Phone,No,FirstTime,LowValue,GEN_Y,0,0,0,0,0,0,0,0,0,0,1,0,1,1,0,0,1,0,0,0,0,0,0,0,0,0,0,0,0
Jack ,Owens ,Jack Owens ,Mr.,2374 Christie Way,Beasain,,ES,20200,0,,Jack.L.Owens@spambob.com,91-102-2453,Discover,,WE286 ,FR,1.63E+14,6.01177E+15,,10263,6966,00:00:00,00:47:55.600000,8.99,WE151 ,00:00:00,2016-04-29 00:00:00,69,192.48,Medium,Medium,complete,Desktop,No,Frequent,HighValue,BABY_BOOMERS,0,0,1,0,0,0,0,0,0,1,0,0,0,0,0,0,0,0,0,0,0,1,0,0,0,1,0,1,1
Therese ,Pickering ,Therese Pickering ,Mrs.,893 Ferry Street,Belfield,ND,US,58622,0,,Therese.B.Pickering@spambob.com,707-565-9536,American Express,,NC427 ,FR,2.15E+14,3.44896E+14,,10271,5712,00:00:00,00:58:44.900000,50,SC322 ,00:00:00,2016-10-05 00:00:00,31,46.48,Small,Small,complete,Phone,No,Occasional,LowValue,GEN_Y,0,0,0,0,0,0,0,0,0,0,0,0,0,1,0,0,0,0,0,0,0,0,0,0,0,0,0,0,0
Therese ,Pickering ,Therese Pickering ,Mrs.,893 Ferry Street,Belfield,ND,US,58622,0,,Therese.B.Pickering@spambob.com,707-565-9536,American Express,,NC427 ,FR,2.15E+14,3.75702E+14,,10271,9180,00:00:00,00:07:36.400000,43.89,WE352 ,00:00:00,2016-01-04 00:00:00,31,14.6,Small,Small,cancelled,Phone,No,Occasional,LowValue,GEN_Y,0,0,0,0,0,0,0,0,0,0,1,0,0,1,0,0,0,0,0,0,0,0,0,0,0,0,0,0,0
Robert ,Ojeda ,Robert Ojeda ,Mr.,546 Lakewood Drive,Belleville,IL,US,62220,0,,Robert.M.Ojeda@mailinator.com,503-705-8957,JCB,,NC361 ,FR,2.29E+14,3.52836E+15,,10275,1998,00:00:00,00:13:54.600000,18.24,SE400 ,00:00:00,2016-07-03 00:00:00,76,236.03,Medium,Medium,complete,Desktop,No,Occasional,HighValue,BABY_BOOMERS,0,0,0,0,0,0,0,0,0,1,0,0,0,0,0,1,0,1,0,0,0,0,0,0,0,0,0,0,1
Robert ,Ojeda ,Robert Ojeda ,Mr.,546 Lakewood Drive,Belleville,IL,US,62220,0,,Robert.M.Ojeda@mailinator.com,503-705-8957,JCB,,NC361 ,FR,2.29E+14,3.52876E+15,,10275,4110,00:00:00,00:33:59.500000,13.25,SE265 ,00:00:00,2016-11-25 00:00:00,76,133.5,Medium,Medium,complete,Desktop,No,Occasional,MediumValue,BABY_BOOMERS,0,0,0,1,1,0,0,1,0,0,0,0,0,0,0,0,0,0,0,0,1,0,0,0,0,0,0,0,0
Thomas ,Farris ,Thomas Farris ,Mr.,54 Kelly Drive,Beltsville,MD,US,20705,0,,Thomas.S.Farris@spambob.com,616-788-0599,Diners Club,,SE337 ,CA,751454315,3.61855E+13,,10283,1379,00:00:00,00:44:16.600000,13.33,NE178 ,00:00:00,2016-12-20 00:00:00,68,197.54,Medium,Medium,complete,Desktop,No,Frequent,HighValue,BABY_BOOMERS,0,0,0,0,0,0,0,0,0,1,0,0,0,0,0,0,0,0,1,0,0,1,0,0,1,0,0,0,1
Thomas ,Farris ,Thomas Farris ,Mr.,54 Kelly Drive,Beltsville,MD,US,20705,0,,Thomas.S.Farris@spambob.com,616-788-0599,Diners Club,,SE337 ,CA,751454315,3.63528E+13,,10283,5101,00:00:00,00:11:26.300000,11.45,SE136 ,00:00:00,2016-09-10 00:00:00,68,270.27,Medium,Medium,complete,Desktop,No,Frequent,HighValue,BABY_BOOMERS,0,0,0,0,0,0,0,0,0,1,0,0,0,0,0,0,0,1,0,0,0,1,0,0,0,1,0,0,0
Thomas ,Farris ,Thomas Farris ,Mr.,54 Kelly Drive,Beltsville,MD,US,20705,0,,Thomas.S.Farris@spambob.com,616-788-0599,Diners Club,,SE337 ,CA,751454315,3.66039E+13,,10283,6946,00:00:00,00:13:54.600000,23.37,NE106 ,00:00:00,2016-07-03 00:00:00,68,233.39,Medium,Medium,complete,Desktop,No,Frequent,HighValue,BABY_BOOMERS,0,0,0,0,0,0,0,1,0,0,0,0,0,0,0,0,0,1,0,0,0,1,0,0,0,1,0,0,1
Thomas ,Farris ,Thomas Farris ,Mr.,54 Kelly Drive,Beltsville,MD,US,20705,0,,Thomas.S.Farris@spambob.com,616-788-0599,Diners Club,,SE337 ,CA,751454315,3.69663E+13,,10283,8061,00:47:25,00:47:25.400000,10.45,RP121 ,00:47:25,2016-05-08 00:00:00,68,99.98,Small,Small,complete,Desktop,No,Frequent,MediumValue,BABY_BOOMERS,0,1,1,0,0,0,0,0,1,0,0,0,0,0,1,0,0,0,0,0,1,0,0,0,0,0,0,0,0
Joseph ,Shafer ,Joseph Shafer ,Mr.,15 Lords Way,Beltsville,MD,US,20705,0,,Joseph.J.Shafer@trashymail.com,212-833-9423,JCB,,SE337 ,U.S.,577430003,3.52822E+15,,10287,7392,00:00:00,00:27:39.400000,11.45,NC427 ,00:00:00,2016-10-07 00:00:00,72,126.46,Medium,Medium,cancelled,Desktop,No,FirstTime,MediumValue,BABY_BOOMERS,0,0,0,0,0,0,1,1,0,0,0,1,0,0,0,0,0,0,0,0,1,0,0,0,0,0,0,0,0
Hoyt ,Ramos ,Hoyt Ramos ,Mr.,354 Northwest Boulevard,Bend,OR,US,97701,0,,Hoyt.C.Ramos@dodgeit.com,215-438-4845,Master Card,,WE151 ,IT,TTVLTC38H61B853K,5.1713E+15,,10291,878,00:00:00,00:19:56.100000,23.37,SE139 ,00:00:00,2016-03-02 00:00:00,79,210.26,Medium,Medium,complete,Desktop,No,Frequent,HighValue,BABY_BOOMERS,0,0,0,0,1,0,1,0,0,1,0,0,0,0,0,0,0,1,0,0,0,0,1,0,0,1,0,0,1
Hoyt ,Ramos ,Hoyt Ramos ,Mr.,354 Northwest Boulevard,Bend,OR,US,97701,0,,Hoyt.C.Ramos@dodgeit.com,215-438-4845,Master Card,,WE151 ,IT,TTVLTC38H61B853K,5.10909E+15,,10291,6252,00:00:00,00:39:06.200000,12.85,NC160 ,00:00:00,2016-09-27 00:00:00,79,260.52,Medium,Medium,complete,Desktop,No,Frequent,HighValue,BABY_BOOMERS,0,0,0,0,0,0,0,0,0,1,0,0,0,0,0,1,0,1,0,0,0,0,0,0,0,1,0,0,0
Jodi ,Stanley ,Jodi Stanley ,Mrs.,4039 Kelley Road,Bensalem,PA,US,19020,0,,Jodi.B.Stanley@spambob.com,262-385-8894,JCB,,NE373 ,CA,904601168,3.5281E+15,,10295,383,00:00:00,00:22:36.600000,11.15,WE421 ,00:00:00,2016-04-19 00:00:00,48,13.27,Small,Small,complete,Phone,No,Occasional,LowValue,GEN_X,0,0,0,0,0,0,0,0,0,0,1,0,0,0,0,0,0,0,0,0,0,0,0,0,0,0,0,0,0
Jodi ,Stanley ,Jodi Stanley ,Mrs.,4039 Kelley Road,Bensalem,PA,US,19020,0,,Jodi.B.Stanley@spambob.com,262-385-8894,JCB,,NE373 ,CA,904601168,3.52817E+15,,10295,1426,00:47:25,00:47:25.400000,7.85,SC124 ,00:47:25,2016-05-08 00:00:00,48,24.06,Small,Small,complete,Phone,No,Occasional,LowValue,GEN_X,0,0,0,0,0,0,0,0,0,0,1,0,1,0,0,0,1,0,0,0,1,0,0,0,0,0,0,0,0
Jodi ,Stanley ,Jodi Stanley ,Mrs.,4039 Kelley Road,Bensalem,PA,US,19020,0,,Jodi.B.Stanley@spambob.com,262-385-8894,JCB,,NE373 ,CA,904601168,3.52822E+15,,10295,9065,00:00:00,00:47:24.600000,21.97,SC193 ,00:00:00,2016-08-20 00:00:00,48,15.96,Small,Small,in-progress,Phone,No,Occasional,LowValue,GEN_X,0,0,0,0,0,0,0,0,0,0,1,0,1,0,0,0,1,0,0,0,0,0,0,0,0,0,0,0,0
Betty ,Grimes ,Betty Grimes ,Mrs.,2078 Plainfield Avenue,Berchtesgaden,,DE,83471,0,,Betty.D.Grimes@mailinator.com,08091 13 31 66,Diners Club,,SW217 ,CA,777215385,3.63229E+13,,10299,1053,00:47:25,00:47:25.400000,27.97,WE289 ,00:47:25,2016-05-08 00:00:00,41,44.19,Small,Small,complete,Phone,No,Occasional,LowValue,GEN_Y,0,0,0,0,0,0,0,0,0,0,1,0,0,1,0,0,0,0,0,0,0,0,0,0,0,0,0,0,0
Betty ,Grimes ,Betty Grimes ,Mrs.,2078 Plainfield Avenue,Berchtesgaden,,DE,83471,0,,Betty.D.Grimes@mailinator.com,08091 13 31 66,Diners Club,,SW217 ,CA,777215385,3.60807E+13,,10299,7316,00:00:00,00:27:55.600000,14.28,SW217 ,00:00:00,2016-10-06 00:00:00,41,48.44,Small,Small,in-progress,Phone,No,Occasional,LowValue,GEN_Y,0,0,0,0,0,0,0,0,0,0,1,0,1,0,0,0,1,0,0,0,0,0,0,0,0,0,0,0,0
Betty ,Grimes ,Betty Grimes ,Mrs.,2078 Plainfield Avenue,Berchtesgaden,,DE,83471,0,,Betty.D.Grimes@mailinator.com,08091 13 31 66,Diners Club,,SW217 ,CA,777215385,3.60065E+13,,10299,7953,00:00:00,00:27:56.400000,8.23,SE268 ,00:00:00,2016-12-16 00:00:00,41,50,Small,Small,complete,Phone,No,Occasional,LowValue,GEN_Y,0,0,0,0,0,0,0,0,0,0,1,0,1,0,0,0,1,0,0,0,1,0,0,0,0,0,0,0,0
Betty ,Grimes ,Betty Grimes ,Mrs.,2078 Plainfield Avenue,Berchtesgaden,,DE,83471,0,,Betty.D.Grimes@mailinator.com,08091 13 31 66,Diners Club,,SW217 ,CA,777215385,3.67268E+13,,10299,8809,00:00:00,00:47:52.600000,21.97,WE157 ,00:00:00,2016-04-25 00:00:00,41,47.57,Small,Small,complete,Phone,No,Occasional,LowValue,GEN_Y,0,0,0,0,0,0,0,0,0,0,1,0,0,0,0,0,0,0,0,0,0,0,0,0,0,0,0,0,0
Tony ,Brooks ,Tony Brooks ,Mr.,2134 Watson Lane,Bergotto,PR,IT,43042,0,,Tony.D.Brooks@mailinator.com,0357 7464003,American Express,,SW277 ,CA,935314484,3.73017E+14,,10303,4184,00:00:00,00:02:36.600000,22.77,NE235 ,00:00:00,2016-05-29 00:00:00,22,190.12,Medium,Medium,complete,Phone,No,Occasional,HighValue,GEN_Z,0,0,0,0,0,0,0,0,0,1,0,0,0,0,1,0,0,1,0,0,0,1,0,0,0,0,0,0,1
Tony ,Brooks ,Tony Brooks ,Mr.,2134 Watson Lane,Bergotto,PR,IT,43042,0,,Tony.D.Brooks@mailinator.com,0357 7464003,American Express,,SW277 ,CA,935314484,3.71412E+14,,10303,4755,00:47:25,00:47:25.400000,17.87,NE109 ,00:47:25,2016-05-08 00:00:00,22,173.09,Medium,Medium,complete,Phone,No,Occasional,HighValue,GEN_Z,0,0,1,0,0,0,0,0,0,1,0,0,0,0,0,0,0,1,0,0,0,1,0,0,0,1,0,0,0
Tony ,Brooks ,Tony Brooks ,Mr.,2134 Watson Lane,Bergotto,PR,IT,43042,0,,Tony.D.Brooks@mailinator.com,0357 7464003,American Express,,SW277 ,CA,935314484,3.71274E+14,,10303,7349,00:00:00,00:19:46.200000,19.85,NW250 ,00:00:00,2016-03-12 00:00:00,22,153.47,Medium,Medium,complete,Phone,No,Occasional,HighValue,GEN_Z,0,0,0,0,0,0,0,0,0,1,0,0,0,0,0,0,0,0,1,0,0,0,0,0,0,1,0,0,1
Michael ,Reed ,Michael Reed ,Mr.,4592 Poplar Lane,Besnate,VA,IT,21010,0,,Michael.K.Reed@trashymail.com,0399 7420631,Discover,,SE334 ,FR,2.83E+14,6.01147E+15,,10307,748,00:00:00,00:11:26.300000,11.45,SE136 ,00:00:00,2016-09-10 00:00:00,,40.27,Small,Small,complete,Phone,No,Occasional,LowValue,GEN_Z,0,0,0,0,0,0,1,0,0,0,1,0,0,0,0,0,0,0,0,0,0,0,0,0,0,0,0,0,0
Michael ,Reed ,Michael Reed ,Mr.,4592 Poplar Lane,Besnate,VA,IT,21010,0,,Michael.K.Reed@trashymail.com,0399 7420631,Discover,,SE334 ,FR,2.83E+14,6.0114E+15,,10307,3771,00:00:00,00:39:06.200000,8.23,SC130 ,00:00:00,2016-02-27 00:00:00,,253.96,Medium,Medium,complete,Phone,No,Occasional,HighValue,GEN_Z,0,0,0,0,0,0,0,0,0,1,0,0,0,0,0,1,0,1,0,0,0,0,0,0,0,1,0,1,0
Michael ,Reed ,Michael Reed ,Mr.,4592 Poplar Lane,Besnate,VA,IT,21010,0,,Michael.K.Reed@trashymail.com,0399 7420631,Discover,,SE334 ,FR,2.83E+14,6.0111E+15,,10307,3922,00:00:00,00:22:36.600000,14.8,NE238 ,00:00:00,2016-05-19 00:00:00,,188.03,Medium,Medium,complete,Phone,No,Occasional,HighValue,GEN_Z,0,0,0,0,0,0,0,0,0,1,0,0,0,0,0,1,0,0,1,0,0,0,0,0,0,0,0,1,0
Michael ,Reed ,Michael Reed ,Mr.,4592 Poplar Lane,Besnate,VA,IT,21010,0,,Michael.K.Reed@trashymail.com,0399 7420631,Discover,,SE334 ,FR,2.83E+14,6.01161E+15,,10307,7488,00:47:25,00:47:25.400000,22.32,NC163 ,00:47:25,2016-05-08 00:00:00,,35.25,Small,Small,complete,Phone,No,Occasional,LowValue,GEN_Z,0,0,0,0,0,0,0,0,0,0,1,0,1,0,0,0,1,0,0,0,0,0,0,0,0,0,0,0,0
Rosemary ,Herbert ,Rosemary Herbert ,Mrs.,3591 Nutters Barn Lane,Beverly Hills,CA,US,90210,0,,Rosemary.J.Herbert@pookmail.com,814-393-3387,American Express,,SC388 ,U.S.,22868377,3.75512E+14,,10311,5766,00:00:00,00:33:59.500000,7.12,SE265 ,00:00:00,2016-11-25 00:00:00,40,15.99,Small,Small,complete,Phone,No,Occasional,LowValue,GEN_Y,0,0,0,0,0,0,0,0,0,0,0,1,0,0,0,0,0,0,0,0,0,0,0,0,0,0,0,0,0
Judy ,Larkin ,Judy Larkin ,Mrs.,2659 Werninger Street,Biancade,TV,IT,31056,0,,Judy.B.Larkin@pookmail.com,0344 8952963,Diners Club,,NW247 ,FR,1.15E+14,3.65262E+13,,10315,4576,00:00:00,00:19:56.100000,11.15,SW409 ,00:00:00,2016-03-01 00:00:00,,66.32,Small,Small,complete,Phone,No,Occasional,MediumValue,GEN_Z,1,0,0,0,0,1,0,0,0,0,0,0,0,0,0,0,0,0,0,0,0,0,1,0,1,0,0,0,0
Judy ,Larkin ,Judy Larkin ,Mrs.,2659 Werninger Street,Biancade,TV,IT,31056,0,,Judy.B.Larkin@pookmail.com,0344 8952963,Diners Club,,NW247 ,FR,1.15E+14,3.67061E+13,,10315,6060,00:00:00,00:57:28.600000,9,WE226 ,00:00:00,2016-09-20 00:00:00,,102.6,Medium,Medium,complete,Desktop,No,Occasional,MediumValue,GEN_Z,0,0,0,1,0,1,0,0,0,0,0,0,0,0,0,0,1,0,0,0,1,0,0,0,1,0,0,0,0
Judy ,Hopping ,Judy Hopping ,Mrs.,2805 DaVISAA Avenue,Biarritz,,FR,64200,0,,Judy.G.Hopping@pookmail.com,01.83.63.72.29,Master Card,,NW313 ,FR,7.02E+14,5.15949E+15,,10319,3624,00:00:00,00:47:39.400000,9.22,SC388 ,00:00:00,2016-06-15 00:00:00,26,240.95,Medium,Medium,complete,Phone,No,Occasional,HighValue,GEN_Y,0,0,0,0,0,0,0,0,0,1,0,0,0,0,0,0,0,0,1,0,0,1,0,0,0,1,0,1,0
Judy ,Hopping ,Judy Hopping ,Mrs.,2805 DaVISAA Avenue,Biarritz,,FR,64200,0,,Judy.G.Hopping@pookmail.com,01.83.63.72.29,Master Card,,NW313 ,FR,7.02E+14,5.14918E+15,,10319,4581,00:00:00,00:59:06.200000,17.23,WE349 ,00:00:00,2016-06-27 00:00:00,26,42.26,Small,Small,complete,Phone,No,Occasional,LowValue,GEN_Y,0,0,0,0,0,0,1,0,0,0,0,0,0,0,0,0,0,0,0,0,0,0,0,0,0,0,0,0,0
Judy ,Hopping ,Judy Hopping ,Mrs.,2805 DaVISAA Avenue,Biarritz,,FR,64200,0,,Judy.G.Hopping@pookmail.com,01.83.63.72.29,Master Card,,NW313 ,FR,7.02E+14,5.18885E+15,,10319,6362,00:00:00,00:33:26.300000,18.45,NC229 ,00:00:00,2016-11-20 00:00:00,26,250,Medium,Medium,complete,Phone,No,Occasional,HighValue,GEN_Y,0,0,0,0,0,0,0,0,0,1,0,0,0,0,0,0,0,0,1,0,0,1,0,0,0,1,0,1,0
Judy ,Hopping ,Judy Hopping ,Mrs.,2805 DaVISAA Avenue,Biarritz,,FR,64200,0,,Judy.G.Hopping@pookmail.com,01.83.63.72.29,Master Card,,NW313 ,FR,7.02E+14,5.10451E+15,,10319,6931,00:00:00,00:58:44.900000,11.05,SW145 ,00:00:00,2016-10-07 00:00:00,26,213.19,Medium,Medium,complete,Phone,No,Occasional,HighValue,GEN_Y,0,0,0,0,0,0,0,0,0,1,0,0,0,0,0,1,0,0,0,0,0,0,0,0,0,1,0,1,1
Joseph ,Rogers ,Joseph Rogers ,Mr.,2027 Harley Brook Lane,Biebrich,,DE,56370,0,,Joseph.S.Rogers@mailinator.com,0201 25 24 10,Diners Club,,RP385 ,ES,7500577R,3.65016E+13,,10323,1685,00:00:00,00:47:56.400000,11.45,WE220 ,00:00:00,2016-12-25 00:00:00,,45.77,Small,Small,in-progress,Phone,No,FirstTime,LowValue,GEN_Z,0,0,0,0,0,0,0,0,0,0,1,0,0,0,0,0,0,0,0,0,0,0,0,0,0,0,0,0,0
Joseph ,Rogers ,Joseph Rogers ,Mr.,2027 Harley Brook Lane,Biebrich,,DE,56370,0,,Joseph.S.Rogers@mailinator.com,0201 25 24 10,Diners Club,,RP385 ,ES,7500577R,3.65531E+13,,10323,8207,00:00:00,00:32:59.500000,13.88,SW346 ,00:00:00,2016-05-01 00:00:00,,30.69,Small,Small,complete,Desktop,No,FirstTime,LowValue,GEN_Z,0,0,0,0,0,0,0,0,0,0,1,0,1,1,0,0,1,0,0,0,0,0,0,0,0,0,0,0,0
James ,Sales ,James Sales ,Miss.,3904 Capitol Avenue,Billings,MT,US,59102,0,,James.K.Sales@trashymail.com,864-527-3838,VISA,,NC232 ,FR,2.5E+14,4.63811E+15,,10327,738,00:00:00,00:13:54.600000,11.85,NE106 ,00:00:00,2016-07-03 00:00:00,65,290.1,Medium,Medium,complete,Desktop,No,Frequent,HighValue,BABY_BOOMERS,0,1,0,0,0,0,0,0,0,0,0,0,0,0,0,1,0,0,1,0,0,1,0,0,1,0,0,0,1
James ,Sales ,James Sales ,Miss.,3904 Capitol Avenue,Billings,MT,US,59102,0,,James.K.Sales@trashymail.com,864-527-3838,VISA,,NC232 ,FR,2.5E+14,4.79657E+15,,10327,758,00:00:00,00:12:46.100000,6.15,SW280 ,00:00:00,2016-03-03 00:00:00,65,190.14,Medium,Medium,complete,Desktop,No,Frequent,HighValue,BABY_BOOMERS,0,0,0,0,0,0,0,1,0,1,0,0,0,0,0,1,0,0,1,0,0,0,0,0,0,0,0,0,1
James ,Sales ,James Sales ,Miss.,3904 Capitol Avenue,Billings,MT,US,59102,0,,James.K.Sales@trashymail.com,864-527-3838,VISA,,NC232 ,FR,2.5E+14,4.05341E+15,,10327,6887,00:00:00,00:19:46.200000,23.78,NW250 ,00:00:00,2016-03-12 00:00:00,65,242,Medium,Medium,complete,Desktop,No,Frequent,HighValue,BABY_BOOMERS,0,0,0,0,0,0,0,0,0,1,0,0,0,0,0,1,1,0,1,1,1,0,0,0,1,0,1,0,1
James ,Sales ,James Sales ,Miss.,3904 Capitol Avenue,Billings,MT,US,59102,0,,James.K.Sales@trashymail.com,864-527-3838,VISA,,NC232 ,FR,2.5E+14,4.18858E+15,,10327,7923,00:00:00,00:25:36.600000,13.33,WE415 ,00:00:00,2016-03-30 00:00:00,65,243.61,Medium,Medium,complete,Desktop,No,Frequent,HighValue,BABY_BOOMERS,0,0,0,0,0,0,0,0,0,1,0,0,0,0,0,1,0,0,0,0,0,1,0,0,0,0,0,1,1
James ,Sales ,James Sales ,Miss.,3904 Capitol Avenue,Billings,MT,US,59102,0,,James.K.Sales@trashymail.com,864-527-3838,VISA,,NC232 ,FR,2.5E+14,4.99374E+15,,10327,8518,00:00:00,00:19:56.100000,33.99,SW409 ,00:00:00,2016-03-01 00:00:00,65,219.49,Medium,Medium,in-progress,Desktop,No,Frequent,HighValue,BABY_BOOMERS,0,0,0,0,0,0,0,0,0,0,0,0,0,0,0,0,0,1,1,0,0,1,0,0,0,1,0,0,0
Charles ,Pickett ,Charles Pickett ,Mr.,928 Adonais Way,Birch Creek,AK,US,99740,0,,Charles.F.Pickett@spambob.com,402-856-9229,Discover,,SE133 ,ES,4900352H,6.01116E+15,,10331,1944,00:00:00,00:43:54.600000,19.05,NW316 ,00:00:00,2016-12-12 00:00:00,64,10,Small,Small,abandoned,Phone,No,Occasional,LowValue,BABY_BOOMERS,0,0,0,0,0,0,0,0,0,0,1,0,1,0,0,0,1,0,0,0,0,0,0,0,0,0,0,0,0
Margaret ,Shelton ,Margaret Shelton ,Mrs.,1034 Briarwood Drive,Birmingham,AL,US,35222,0,,Margaret.T.Shelton@pookmail.com,860-435-8672,Discover,,WE283 ,CA,944146232,6.01153E+15,,10335,235,00:00:00,00:23:54.600000,16.85,NC295 ,00:00:00,2016-02-27 00:00:00,45,47.31,Small,Small,complete,Phone,No,Occasional,LowValue,GEN_X,0,0,0,0,0,0,0,0,0,0,1,0,1,0,0,0,1,0,0,0,0,0,0,0,0,0,0,0,0
Margaret ,Shelton ,Margaret Shelton ,Mrs.,1034 Briarwood Drive,Birmingham,AL,US,35222,0,,Margaret.T.Shelton@pookmail.com,860-435-8672,Discover,,WE283 ,CA,944146232,6.01107E+15,,10335,7464,00:00:00,00:32:45.100000,48.52,NE301 ,00:00:00,2016-12-08 00:00:00,45,31.71,Small,Small,complete,Phone,No,Occasional,LowValue,GEN_X,0,0,0,0,0,0,0,0,0,0,1,0,0,1,0,0,0,0,0,0,0,0,0,0,0,0,0,0,0
Rebecca ,Uresti ,Rebecca Uresti ,Mrs.,4333 Morningview Lane,Birmingham,AL,US,35203,0,,Rebecca.C.Uresti@trashymail.com,903-497-8623,VISA,,RP121 ,UK,YR565337D,4.44637E+15,,10339,4716,00:00:00,00:11:26.300000,7.45,NC169 ,00:00:00,2016-06-20 00:00:00,55,8.49,Small,Small,complete,Phone,No,Occasional,LowValue,BABY_BOOMERS,0,0,0,0,0,0,0,0,0,0,1,0,1,1,0,0,1,0,0,0,0,0,0,0,0,0,0,0,0
Emma ,Perez ,Emma Perez ,Mrs.,1199 Lightning Point Drive,Black Hawk,SD,US,57718,0,,Emma.V.Perez@spambob.com,612-990-4487,American Express,,SE268 ,FR,1.59E+14,3.44168E+14,,10343,2071,00:00:00,00:59:36.200000,5.66,SC199 ,00:00:00,2016-12-27 00:00:00,58,33.33,Small,Small,complete,Phone,No,Occasional,LowValue,BABY_BOOMERS,0,0,0,0,0,0,0,0,0,0,1,0,1,0,0,0,1,0,0,0,0,0,0,0,0,0,0,0,0
Reynaldo ,Myers ,Reynaldo Myers ,Mr.,3923 Black Stallion Road,Blaxland East,NSW,AU,2774,0,,Reynaldo.J.Myers@pookmail.com,(02) 6753 9404,American Express,,SW346 ,FR,8.14E+14,3.72006E+14,,10347,3591,00:47:25,00:47:25.400000,6.15,SW211 ,00:47:25,2016-05-08 00:00:00,54,30.71,Small,Small,complete,Phone,No,Occasional,LowValue,BABY_BOOMERS,0,0,0,0,0,0,0,0,0,0,1,0,1,1,0,0,1,0,0,0,1,0,0,0,0,0,0,0,0
Reynaldo ,Myers ,Reynaldo Myers ,Mr.,3923 Black Stallion Road,Blaxland East,NSW,AU,2774,0,,Reynaldo.J.Myers@pookmail.com,(02) 6753 9404,American Express,,SW346 ,FR,8.14E+14,3.75546E+14,,10347,9145,00:00:00,00:39:06.200000,18.24,NC160 ,00:00:00,2016-09-27 00:00:00,54,27.48,Small,Small,complete,Phone,No,Occasional,LowValue,BABY_BOOMERS,0,0,0,0,0,0,0,0,0,0,1,0,1,1,0,0,1,0,0,0,1,0,0,0,0,0,0,0,0
Jennifer ,Becker ,Jennifer Becker ,Mrs.,4374 Lindale Avenue,Bloomington,IL,US,61701,0,,Jennifer.D.Becker@spambob.com,803-223-5484,JCB,,SE337 ,FR,1.69E+14,3.52837E+15,,10351,591,00:00:00,00:43:54.600000,10.45,NW187 ,00:00:00,2016-10-22 00:00:00,24,165.72,Medium,Medium,complete,Phone,No,Frequent,HighValue,GEN_Y,0,0,0,0,0,0,0,0,0,1,0,0,0,0,0,0,0,1,0,0,0,0,0,0,0,0,0,1,1
